SMILES,des_cv,pred_cv,Err_pred_des,jobacks,Err_joback_pred
C=C1NC1(C)CCCC,41.4146,37.77423095703125,0.08790062062578778,42.19617607173771,0.10479492518916199
CCCCCC(C)CCCC,41.4146,39.0395622253418,0.057347838073003324,61.53926874999793,0.3656154351794583
CC(C)CC(=O)C(C)O,41.4146,38.0778694152832,0.08056894391631929,42.80576075855602,0.11044988476995599
CCC1(C)CC(C)CO1,41.4146,37.47498321533203,0.09512627876806656,41.76863045272822,0.10279597848570916
CCC1(C(C)O)CC1,41.4146,38.25759506225586,0.07622927512867783,36.873607199787706,0.037533291900883545
CC1CCCCC1CO,41.4146,38.45323181152344,0.07150541568617258,40.1669350037466,0.04266452474064345
COCC#CC1CC1O,41.4146,39.14964294433594,0.05468982087631083,36.97827455850543,0.05872011097746216
CCCCCCCCCOO,41.4146,38.47831726074219,0.07089970057076038,57.35097718155547,0.32907303150333905
CCCCCC1(C)CN1,41.4146,37.39533233642578,0.09704953479145564,43.46317577565483,0.13960883738799068
CCCC1CCCOC1,41.4146,38.48601531982422,0.07071382266581787,40.70010724966119,0.05440014976509428
CC1CC1C1OCC1C,41.4146,37.311683654785156,0.0990693220558654,38.67931255875527,0.035358149188733305
CN(C)C(C=O)C1CC1,41.4146,38.09542465209961,0.08014505386748612,39.50685350882365,0.03572617739372254
CC(C)CC(OO)C(C)O,41.4146,38.184669494628906,0.07799014128763995,49.355241779437314,0.22633000836523834
CC(C)C(C)CC1CC1,41.4146,37.310157775878906,0.0991061660409878,45.23812196130938,0.17524963110119807
CCCC(CCCO)C1CC1,41.4146,38.035736083984375,0.08158629845551146,53.86360357204081,0.29385088331283254
CCOCCCCCCC=O,41.4146,38.10929489135742,0.07981014204272352,55.29034058337913,0.3107422654796688
CCCC1CC(O)C1OC,41.4146,37.59059143066406,0.09233479423526818,46.52330713015728,0.19200517440650436
CNCCC#CC(N)C=O,40.0112,36.07622146606445,0.0983469262090502,45.322322257426485,0.20400765739330518
CCOCC(C)C1CCC1,40.0112,36.362117767333984,0.0912015193912209,47.780023186906114,0.2389681849861712
CC1(C)CCCCC(O)CCC1,40.0112,36.49167251586914,0.08796355730722552,52.67405045889391,0.30721726926341597
CC1CC=CC(C=O)C1,40.0112,36.64992141723633,0.08400844220527437,36.272082188043164,0.010416805609183248
C#CCC1CC(O)C1,40.0112,36.36338424682617,0.09116986626679104,33.72171337967252,0.0783373856900774
C=C(C)OCC#CC=O,40.0112,36.633522033691406,0.0844183120303464,37.20547526748199,0.01537282428671121
CC1COC2CCC2C1C,40.0112,36.96056365966797,0.07624456003149202,43.0396849981898,0.1412445592661171
CCCC1N(C)C1(C)C=O,40.0112,36.24876403808594,0.09403456936842844,46.09868050752781,0.21367024741268686
CC(C)C1(C)CNC1,40.0112,36.95763397216797,0.0763177817169201,36.82824624975325,0.0035132740651636764
CCCCCCCCCCO,40.0112,36.08768081665039,0.0980605226374018,59.22075402133146,0.3906244286647968
CC1CC(O)CCCO1,40.0112,37.73189163208008,0.05696675850561653,37.74956050075093,0.0004680549504808557
C#CC(O)C1(C)CCCC1,40.0112,36.794960021972656,0.08038349207290324,42.39787716375273,0.13215088859614377
CC1CCC2(C)NNC12,40.0112,36.09580612182617,0.09785744686922238,36.273048983622076,0.0048863513479644885
CC#CCC1(CC)CC1,40.0112,36.14762878417969,0.09656224296747697,40.11297055377099,0.09885435346344665
C#CC(CO)CCC=O,40.0112,36.041419982910156,0.09921671974571734,40.598520188310324,0.11224793869980292
CC1C(C=O)CC1(C)O,40.0112,38.05419158935547,0.0489115150419016,37.91662698429703,0.003628081293080424
CC1CCC1NN1CO1,40.0112,36.034080505371094,0.09940015532223248,36.079760743818085,0.0012660903926536666
CC1CCC2(C)CCC12,40.0112,36.07499313354492,0.09837762592611768,38.88016013237144,0.0721490598103516
CCC1C2CCC12CO,40.0112,36.83058547973633,0.07949310493720943,38.73359123829564,0.04913063048689947
CCCC=CCC1NC1C,40.0112,39.16559600830078,0.02113418222145852,46.595524618776295,0.1594558419776118
CCC1CC(C)(C)C1=O,40.0112,37.39768981933594,0.06531946506638303,39.89623581003166,0.06262610845275485
CCC(C)C1CCC1=O,40.0112,36.27487182617188,0.09338205736963967,39.888032711290876,0.09058257927311208
C#CCCC(C)CCC,40.0112,38.16642761230469,0.04610639990041075,47.39879749569603,0.19478067738384444
CCC1=CC(O)C1C=O,40.0112,36.657386779785156,0.0838218603844635,36.571142847872395,0.0023582509376728193
CCCC1C(O)C1CO,40.0112,37.42188262939453,0.06471481411718398,41.66289117589408,0.10179342879961664
CC1(C)CCC12CO2,40.0112,36.05526351928711,0.09887072821392244,32.109137721090605,0.12289728339869205
CC#CCOCCCC=N,40.0112,38.6527099609375,0.03395274420818426,44.37317360223279,0.12891716271128834
CCCCCC1(CC)CC1O,40.0112,36.44308090209961,0.0891780076053803,53.87180667078159,0.3235222066189732
CCC1CCC(C)(C)CC1,40.0112,39.04275512695313,0.024204344609681218,47.43475166489396,0.1769166327090033
CC1(O)CCCNC1NO,40.0112,37.004154205322266,0.07515510143854062,40.09429363366887,0.07707180120394197
COCC1(N)CC(C)N1,40.0112,36.54789352416992,0.08655842553660176,40.64920371538134,0.10089521605215392
CC1CCOCC(O)C1O,40.0112,36.62282180786133,0.08468574279548413,41.38263765180404,0.11501963417586097
COC(C)N(C)CCC=O,40.0112,36.24377059936523,0.0941593703921594,48.41491966209908,0.25139252832968884
CCC1CC(COO)CC1O,40.0112,36.20692443847656,0.09508026656344824,48.51385921498714,0.2536787420265395
CCCC(CC)CCOO,40.0112,37.500282287597656,0.06275537130609295,51.82767338591833,0.2764428762147261
CC1CCCC(O)C(O)C1,40.0112,36.59019470214844,0.08550119211249761,42.68838642453528,0.14285364786901125
COC1C(=O)OC1CCO,40.0112,36.58015823364258,0.08575203358953053,41.08771064363834,0.1097056112249873
CC(=O)C(C)CC(C)C,40.0112,36.718544006347656,0.08229335770115233,45.17558111316067,0.18720372596046772
CNC1=C(COO)C1CC=O,40.0112,36.0536003112793,0.09891229677492064,45.37445654806385,0.20542077957256055
CC1CCC(CO)CCOC1,40.0112,37.5550537109375,0.06138646901523829,47.581931109884394,0.2107286771482877
CCCC(CCC)COO,40.0112,38.82237243652344,0.02971236962341956,51.82767338591833,0.2509335283595512
CCC(C)OCCCC=O,40.0112,36.01481628417969,0.0998816260402166,49.76703678774198,0.276331913475499
COCOOC1(C)CCC1O,40.0112,36.98802185058594,0.07555829741207623,47.15085042118921,0.21553860598103192
C#CCC1CC1CCO,40.0112,38.4398307800293,0.03927323399374938,40.305337279635914,0.04628435402149968
CCC1=C2COCC1C2O,40.0112,36.09088134765625,0.09798053175970108,39.77673459221486,0.09266354521921985
CCC(=O)C(C)(C)CC,40.0112,36.74106979370117,0.08173037065368773,45.20168973102214,0.18717485978216442
C#CCC1CC1OC,40.0112,36.5238037109375,0.0871605022859225,35.33338262476564,0.03369111581571241
C=C(CC)C(C)C(C)O,40.0112,39.72856521606445,0.00706389170871029,45.68703824981644,0.1304193325286505
CC1COC1(C)C1CC1,40.0112,37.86559295654297,0.05362516104133426,37.5744113596402,0.007749465297426695
CCC12CC1(C)CC2C,40.0112,36.0876350402832,0.09806166672623663,40.52940972974405,0.10959386576511337
CCCC#CCCCC=O,40.0112,36.66190719604492,0.08370888161202564,47.03435845719764,0.22052923865416152
CC(C)C1(C)CC1C=O,40.0112,37.2841796875,0.0681564240137762,40.815868107269125,0.0865273381050579
CCC1CC2(C)COC12,40.0112,36.27348327636719,0.09341676139762904,38.68603708990464,0.0623623920933225
CC(C)CCC(N)C=O,40.0112,37.31023406982422,0.06750524678529471,45.75004100568893,0.184476488989709
CCC1CCC(O)C1C,40.0112,36.422645568847656,0.08968874792938841,41.80946006996986,0.12884200111905644
COC(C)CC(C)C=O,40.0112,38.38825225830078,0.040562336088375776,44.24373299210484,0.13234599202668884
C=CN(C)OCC(C)C=O,40.0112,37.87166213989258,0.053473473929985214,45.89712325019421,0.17485760635918887
CCC1CCC2C(C)CC12,40.0112,36.15696334838867,0.0963289441859112,45.457059501185476,0.20459079964365637
C#CCC(O)CC1CCC1,40.0112,36.29798889160156,0.09280429250805873,44.083504757173415,0.17660836878685257
C=C(CC)OCC(C)C=O,40.0112,37.32854461669922,0.0670476112513692,47.27992860750124,0.21047798260048928
CC1CCCOC(C)CC1,40.0112,37.86322021484375,0.05368446297927211,44.47975329479011,0.1487538169579135
CC(C)C1(N)CCN1,40.0112,36.03574752807617,0.09935849142049802,36.46477742356135,0.011765597538186696
CC(OO)C1(C)CNN1,40.0112,36.04241180419922,0.09919193115429638,36.75709165069689,0.01944331867410201
CCCC(C=O)C1CCO1,40.0112,37.47409057617188,0.06340998080107887,43.91359430116983,0.1466403246528696
C#CC1=CC=CC1O,40.0112,36.32389450073242,0.09215683356829038,28.856385432300094,0.2587818590776671
CC#CCC1CCCOC1,40.0112,36.38154602050781,0.0907159490215787,41.518344623101655,0.1237235889153351
CCCC(C)C1CC1CO,40.0112,36.56007766723633,0.08625390722506883,48.922504738300695,0.252694074786118
CC1C=CCC(C)C1O,40.0112,37.8419189453125,0.05421684565040544,38.863618122178345,0.02628934788453961
CCC1(O)CC2CC1C2O,40.0112,36.417781829833984,0.08981030736808737,41.25504265908433,0.11725259550022997
CC1(C2CC2)OCC1O,40.0112,36.43470001220703,0.08938747120288748,35.20459100503551,0.034941721294122444
CC1CCC(C)N1C,40.0112,36.33191680908203,0.09195633199998927,37.93589152353829,0.042281192033170746
CN1CCCCC(=O)CCC1,40.0112,36.3690299987793,0.09102876197716404,44.5538152939675,0.1837055983013964
CC1(C)CC2CNC21,40.0112,36.53042984008789,0.0869948954270832,33.21623211856226,0.09977644995061177
COC1CC1C1CC1,40.0112,39.11754608154297,0.02233509413506802,33.22401271631718,0.1773877651549091
COC1CCCC(O)C1,40.0112,36.227783203125,0.09455894341771807,38.29715816397063,0.0540346871688371
CC1CC1C1CC2CC21,40.0112,36.739646911621094,0.08176593274830317,36.902467968662926,0.004412199671309172
C=CC(C)C(O)C(C)=O,40.0112,36.28781127929688,0.09305866159233232,40.287964346651115,0.09928903413772855
CCC1CC2CC2CC1OC,40.0112,36.22336959838867,0.0946692526495414,49.059280831108445,0.26164083564348817
CCCC(C)C1CC1O,40.0112,36.61395263671875,0.08490741000722928,43.450506568601725,0.15734117900533792
CCCC1CCCCC1C,40.0112,36.96511840820313,0.07613072319242804,48.00875352805022,0.2300337815143355
CC1CCC1C1CCO1,40.0112,36.138710021972656,0.09678514960879317,37.036787492532,0.02424825508261021
C1CCC(C2CCC2)C1,40.0112,36.19657897949219,0.09533883064011613,36.70001119903996,0.013717494984332454
COC1C(C)C(C)C1C,40.0112,36.48286819458008,0.08818360372645469,43.95202865102183,0.16993892399704058
CC1CCC2CC(C)C2O1,40.0112,37.26930236816406,0.06852825288509068,43.0396849981898,0.13407120963521066
CCC(C)CC(N)C=O,40.7354,37.77624130249024,0.07264341819424294,45.75004100568893,0.1742905476785728
CCC(CO)C1CC1,40.7354,37.17616271972656,0.08737455088874631,37.44760906294395,0.00724869624549655
CC(C)C1OCC1O,40.7354,37.00023651123047,0.09169330579224776,35.5611338959071,0.04046841193354086
CC1(C)CCC(O)C1,40.7354,37.93281173706055,0.06879982184879617,35.23256070115582,0.07664078290557362
CC1COCC(C)C(C)C1,40.7354,36.88733291625977,0.0944649391865609,46.122278361013365,0.20022743396301484
CC(C)CC1CC1CO,40.7354,36.95272445678711,0.09285966366386213,43.450506568601725,0.14954445011027911
CCC(C)C(O)COC,40.7354,38.577335357666016,0.05297762246925237,46.30436959028119,0.16687483926434882
CCC1(CC)C(C)C1C,40.7354,37.25827407836914,0.08535882602431442,45.82853002194716,0.18700700064945888
CCC1CC(C)C2C(C)C12,40.7354,38.572181701660156,0.05310413788350777,47.09958456740875,0.1810504900217157
C=C1CC1CCCOCC,40.7354,37.04366302490234,0.09062724252364418,47.6759548391916,0.22301161770438374
CCC1OC1C1CCC1,40.7354,37.5195198059082,0.07894559017689272,38.14841322279644,0.016485441038277045
CCC1=C2OC1CCC2O,40.7354,37.13139343261719,0.0884735774629146,39.77673459221486,0.0665047341547091
CC1(C)CCCNC=N1,40.7354,37.18130874633789,0.08724822276599979,36.33548173162852,0.023278266157487442
COC(C=O)C(C)C=O,40.7354,37.91694641113281,0.06918929454153355,39.81327603932382,0.04763058499174969
C=C1CC(C)OCC1C,40.7354,36.91304397583008,0.0938337668016006,39.9640068817029,0.0763427680038178
CC(CC=O)C1CCC1,40.7354,36.92411804199219,0.09356191317644633,39.7473449042021,0.0710293195435915
C#CCC=CCCCCO,40.7354,38.231834411621094,0.061459212095104125,47.10773041103594,0.18841697364676024
CC(C)CC(C)CCCO,40.7354,38.8035888671875,0.047423399127356027,53.646144599756134,0.27667516171583567
C=C(CCC)C1CC1O,40.7354,37.48495101928711,0.07979420800367468,41.01470401429919,0.08606067213800894
CC1CC2C(C)C2C1C,40.7354,36.83590316772461,0.09572747124799044,41.627586397709784,0.11510836069632896
CCC1CCCC(C)CC1,40.7354,37.57347869873047,0.07762097098026606,46.897127797785785,0.1988106636137219
CCC1CCCC(C)C1=O,40.7354,38.33656311035156,0.05888826155256696,43.71898438235798,0.1231140509791531
CC(C)CC1C(N)C1O,40.7354,38.12666702270508,0.06404093189940249,43.61793707836866,0.12589476769149763
CCCC1OC1(C)NCO,40.7354,37.09088134765625,0.0894680953751221,45.7967979807103,0.1900988063995435
CC1CCCOC1C1CO1,40.7354,37.4096565246582,0.08164258790491306,40.091411159235285,0.06689100126522547
CC1CCC2(O)CC2C1,40.7354,36.79150772094727,0.09681732053822308,36.51033977776678,0.007701049754450957
CCC1(C)CC1CCCOO,40.7354,36.80637741088867,0.09645228938739588,52.002029831005615,0.29221267841850107
CCCCC(C)CCCO,40.7354,38.68797302246094,0.050261614653079656,53.69745022569432,0.27951936526124516
CCCCC1(OO)CC1,40.7354,37.383689880371094,0.0822800345554212,40.52713415564887,0.07756394180760556
CC(CCO)C(C)(C)C,40.7354,40.3413314819336,0.009673859052971244,48.148949421980454,0.16215552018841353
CC1(C)CCC2CC2C1,40.7354,36.686771392822266,0.09938845837226916,38.88016013237144,0.05641408708404382
CC#CCCCC1CC1O,40.7354,37.60401916503906,0.07687124307017817,44.32004956798038,0.15153481253760603
CNC1(C)C2CC(O)C21,40.7354,37.79484558105469,0.07218670784981394,37.96722882661338,0.004540316764911175
CC1OCC(=O)C2CC12,40.7354,36.743408203125,0.097998099856022,33.85864407710419,0.08520022595859178
COC1CCCCC(OO)C1,40.7354,36.79269790649414,0.0967881030628362,46.259751933328126,0.20464990907167807
CCC(OC)C(C)OC,40.7354,36.77593994140625,0.09719948886211376,46.8044131051099,0.21426341018703612
CC(CO)C(=O)C1CCC1,40.7354,36.85702896118164,0.09520886105987318,41.91159400057625,0.12060063951099341
C#CCCCC#CC=O,40.7354,36.69214630126953,0.09925651150425592,38.36588537259469,0.04362571214167091
CCC(O)COCN(C)C,40.7354,37.32892608642578,0.08362441300623577,50.47555626027545,0.2604553797497451
COC1CCCC1CC=O,40.7354,37.26342391967773,0.08523240425581348,42.82014546575766,0.12976886196062842
CCC(C)CC1CCC1,40.7354,36.711647033691406,0.09877779440753233,44.17780185698313,0.1690024063999816
CCC1C2CC(O)C1C2,40.7354,37.07020950317383,0.08997556171846037,38.7268667071463,0.04277798192402608
CC#CC#CC1NC1C,40.7354,38.09416198730469,0.06483888737302962,35.26055538225291,0.08036193912243277
CC1CCC(C)C(C)C1,40.7354,39.02763366699219,0.04192339667728342,43.06765469431009,0.09380638569695915
CC(C)C(O)C1CC1,40.7354,37.153297424316406,0.08793586354089054,37.39630343700576,0.006498129236187774
CCCC1C(C)C1OC,40.7354,37.18528747558594,0.0871505502441135,44.53275504532744,0.1649901867122957
CCC1C(N)C1(C)C=O,40.7354,38.13626098632813,0.06380541282697294,41.03460424297425,0.07063168538154856
COC(C#N)C#CC=O,40.7354,39.23639297485352,0.03679863276527254,34.20354843358454,0.14714393014051214
CCCCC1CCCCC1C,40.7354,37.461238861083984,0.08037631001330572,53.48075169774919,0.2995379146351716
CCC1CC2(C)C(O)C12,40.7354,37.54388427734375,0.07834747474325153,39.264490574254474,0.04382092500746505
CCC(C)CC1NC1O,40.7354,36.77577590942383,0.0972035156295549,42.14695099422706,0.12743923244979055
CC1CCC(CO)CC1,40.7354,37.98558807373047,0.0675042328360475,40.1669350037466,0.05430702964546999
CC1CCC2(C)CC2C1,40.202,37.1341667175293,0.07631046421746931,38.88016013237144,0.044907053080484455
CC(C)CCC1OCO1,40.202,38.10014343261719,0.052282388124541335,41.56630431152064,0.08338871921174769
CC(C)C(C)C1CC1O,40.202,36.2904052734375,0.09729851068510267,43.399200942663555,0.16380015103544818
CC1CC(C)C(C)CCO1,40.202,36.24378204345703,0.09845823482769432,46.122278361013365,0.2141805797240605
CCCC1(C(C)CO)CCC1,40.202,36.32867813110352,0.0963464969130014,52.17797597862015,0.3037545544888681
C#CC(C=O)C1CCCC1,40.202,37.33200073242188,0.07138946489174974,40.91124242873263,0.08748797356975369
CC1CCC1(O)C1CC1,40.202,37.3746337890625,0.07032899385447237,36.51033977776678,0.02367258197421753
CCCCCC(N)CCCO,40.202,38.56525421142578,0.040713043842948535,58.80597956920138,0.3441950207454129
CCCCCC(C)C1CC1,40.202,37.03266906738281,0.07883515577874697,50.76142575694653,0.2704564831433046
COCC1CCC1OC,40.202,37.19626998901367,0.07476568357261645,41.02045313932819,0.09322625318948752
CCCOC1(C)CCCC1,40.202,36.55447387695313,0.09072996674411406,46.14570121942361,0.20784660518785972
COC1=C2CC1CCO2,40.202,36.5450439453125,0.09096453048822194,34.27388060138575,0.06626513555149996
CCCC(=O)OCCCO,40.202,37.31196975708008,0.071887723071487,46.6208072405435,0.19967130632109792
CC1(C)CC2C(N)CC21,40.202,36.73294067382813,0.08629071504332803,40.1592163724028,0.08531729471019232
C#CC1CC1C(C)C,40.202,36.91364669799805,0.08179576394214097,37.15185383860345,0.006411716132396318
C#CC(CC)CCCO,40.202,36.53217315673828,0.09128468343022032,45.02897714109135,0.1886963578526256
CCC#CC(C)CC=O,40.202,39.00013732910156,0.029895594022646525,41.5110546615605,0.06048791949350454
CC(C)C1OOCCC1=O,40.202,36.55255889892578,0.09077760064360522,40.52528187499848,0.09803073025689707
CCC1OC1(C)CCC=O,40.202,36.422828674316406,0.09400456011351654,45.033423130175045,0.19120452893328985
CCCCCCC(C)=O,40.202,38.85154342651367,0.03359177586901961,45.278192365037036,0.14193695911513246
CCCCOCC=CC=O,40.202,38.22911071777344,0.049074406303829685,46.3737918879876,0.17563112349939006
CCCCCC1(O)CC1,40.202,38.169189453125,0.0505649108719715,42.39691099542484,0.09971767855342253
CC1CCC(C)CC1,40.202,37.97982406616211,0.05527525829157477,37.06475718865231,0.024688327859596952
CC1CNC(=N)CCO1,40.202,36.25592803955078,0.09815611065243562,34.31385768503994,0.0565972608599335
COC(C)OCC(C)C=O,40.202,37.39840698242188,0.06973765030541076,47.84595432202782,0.21835800931649488
CC1(C)CCC(O)CO1,40.202,36.84390640258789,0.0835305108554825,38.287184367859105,0.03769611135163026
CC1CCCCC(=O)CC1,40.202,36.77472686767578,0.08525130919666228,40.96483358587027,0.10228545685194121
C#CC(C#CC=O)CC,40.202,36.318214416503906,0.09660677537177484,38.314579746656506,0.05210458638338088
CC1CCNNNC(C)CC1,40.202,37.06623077392578,0.07800032899045363,46.23520778383185,0.19831157789480935
CC(C)C(C=O)C1CC1,40.202,36.402809143066406,0.0945025336285158,40.80766500852837,0.10794187475665155
CCC(C)CCC1CC1OO,40.202,36.92506408691406,0.08151176342186796,52.52472606822368,0.29699654142027165
CC1(C)CCC(CN)CC1,40.202,37.36872863769531,0.07047588085927779,47.071282838702096,0.2061247031285352
CC1CCNCC1NC=O,40.202,37.220951080322266,0.07415175662100723,40.977479253253435,0.09167299310225183
CC1=CC(C)C(=O)C1C,40.202,36.869049072265625,0.08290510242610749,37.97002527930139,0.028995930314429874
COC1CC(C)NC1=O,40.202,36.29595947265625,0.09716035339892913,36.18527952877281,0.00305870081217509
CC(CC=O)C1CCCO1,40.202,36.59428024291992,0.08973980789712145,42.80196857090539,0.14503277618415752
CC1CCCC(C)C(C)C1,40.202,36.39460754394531,0.09470654335741223,47.428027133744614,0.23263501049043472
CCC1CC(C)(O)C1=O,40.202,38.17806625366211,0.05034410592353338,37.52641545542698,0.017365122416478796
CC(C)C1C(O)C1C=O,40.202,37.06268310546875,0.07808857505923207,39.55094895177953,0.06291292401971119
CC1CC(O)C2(O)OC12,40.202,36.88653945922852,0.08247003981820514,34.47729571665411,0.06987913908255385
C#CCCC1CCCC1,40.202,37.200157165527344,0.07466899244994414,39.92100683775287,0.06815583793473985
CCC1CNCC1CC=O,40.202,36.93550109863281,0.08125214918081652,43.38636673115896,0.1486841632187952
CC(CCC=O)C1CO1,40.202,36.56623840332031,0.0904373313934552,39.553221861735295,0.07551808216424108
CCC1=C2C(C)C1C2O,40.202,39.15266799926758,0.02610148750640317,38.36463599173484,0.02054058346083372
CC1CC(C)C(C)COO1,40.202,37.8232307434082,0.05917042078980635,44.81652958828213,0.1560428464479413
CCCCCC1(C)CCCO1,40.202,36.182655334472656,0.09997872408157163,52.181727456167295,0.306602960492902
CC1CCC(C)C1=O,40.202,37.95594024658203,0.055869353599770334,33.8866137732245,0.12008654805671119
CCC1=C(C)C(C)C1O,40.202,37.31118774414063,0.07190717516191665,41.447229354558424,0.09979054510583116
C#CC(C#C)CCC=O,40.202,38.5887336730957,0.0401290066888288,39.771865628011,0.02974796218968482
C#CCC1CCCCC1O,40.202,36.18251419067383,0.09998223494667356,42.44245825854156,0.14749249512680898
CN1CC(C(C)(C)O)C1,40.202,36.47592544555664,0.09268381061746574,41.54229309892329,0.1219568607178779
CCC1OC(C)C1C=O,40.202,38.15581130981445,0.05089768395068765,39.55470042932671,0.03536593892328124
CC(O)CC1CCC1O,40.202,37.21464538574219,0.07430860689164248,39.96906048373262,0.06891368134888927
C#CCOC(C)NC=O,40.202,37.274070739746094,0.07283043779548044,39.801301955497934,0.0634961946364858
CCC#CCCC#CC=N,40.202,40.4542236328125,0.006273907586998205,41.58918964575027,0.027289928527225865
CC(C)CC1CCC1N,40.202,38.374507904052734,0.0454577408076032,44.345232366750075,0.1346418576255826
CN(C)C(CO)C1CCO1,40.202,36.97134780883789,0.08036048433317018,44.622113773703276,0.17145682527872846
C#CC#CCCNCC=O,40.202,37.088294982910156,0.07745149537559927,42.54062179465256,0.12816753920667354
CCCC(O)C1CCC1,40.202,36.66935729980469,0.08787231232762825,41.80798150237845,0.12291012428527386
CC(C)CCC1CCCN1,40.202,39.0146484375,0.029534639134868867,47.23461872204297,0.1740242751384157
CCC1COCC12CCC2,40.202,36.47920227050781,0.09260230161415316,41.40388446311589,0.1189425160577666
CC(C)C12OCC1C2O,40.202,36.89454650878906,0.08227086938985463,37.376536839626226,0.012895532106285522
CC#CCCC(C)CO,44.0817,40.80195617675781,0.07440148232128492,43.571691259736866,0.06356730718732675
CC1(O)CCC2(O)CC12,40.286,37.13394546508789,0.07824193354793503,34.67814329027027,0.07081700292491296
CCOC#CC(C)C=O,40.286,36.48749923706055,0.09428835731865796,39.64127782178453,0.07955794459760952
CCC1NCC1(C)COO,40.286,36.63414764404297,0.0906481744515969,44.11485035666753,0.16957334439861535
CC(C)C1(C)NCC1C,40.286,36.62300109863281,0.09092485978670478,42.83114375541104,0.14494459200599627
CC(C)C(CO)C1CO1,40.286,36.420082092285156,0.09596182067504457,41.562552833973484,0.1237284620660943
CC1CCC2CCCCC12,40.286,37.5671272277832,0.0674892710176438,42.70290870469777,0.12026772022556806
CC#CC1C(C)C1COO,40.286,37.72448348999024,0.06358329221093598,42.981172064163225,0.12230212257417468
CC1CC(C)C2CC2O1,40.286,36.32831573486328,0.09823969282472124,38.67931255875527,0.06078176338632546
CC1CC(C)(C)CCO1,40.286,36.6263542175293,0.09084162692922366,40.657004722463775,0.09913791073515718
CCCCC(C)C1CCCC1,40.286,36.90680313110352,0.08388017844651953,54.010172466116614,0.3166694078924285
COC(C)N(N)CCO,40.286,36.45110702514648,0.09519170368995476,44.6400892643846,0.18344457581028123
CCCC1=CCCC1,40.286,36.83502197265625,0.0856619676151455,35.72599758337701,0.03104250305932005
C#CCC(C)C(C)C=O,40.286,36.60559844970703,0.09135683737012784,42.917034916976824,0.1470613354226193
CCOC1C(CC)C1OO,40.286,36.958003997802734,0.08260924396061327,45.76515602064575,0.19244230302350326
CC1C(C)(C)C1(C)C=O,40.286,36.38465118408203,0.0968413050667222,40.824071206009876,0.10874515673670243
CCCC(CC)C1CC1,40.286,36.79122543334961,0.08674910804374701,45.289427587247566,0.187642074687887
CCCC(C)CC1CCC1,40.286,38.923912048339844,0.033810454045081616,49.64980002668209,0.21603083945107712
C#CCCC1CCC1N,40.286,37.22522735595703,0.07597608707846322,41.20006307778425,0.09647644748317183
CCC1(C)C2COC1O2,40.286,36.58875274658203,0.09177499015583504,37.3802883171734,0.021175213092931675
CC1CC(O)C(C)C1=O,40.286,37.171531677246094,0.07730894908290492,37.51969092427762,0.009279374068783807
C#CC(CC)C(C)CCC,40.286,36.659568786621094,0.09001715765722354,52.8194900394568,0.305946180865511
COC(C)CC(N)C=O,40.286,37.77699279785156,0.062279878919437,43.88026416591294,0.139089212065467
CCCCC=CCCC=O,40.286,36.85828399658203,0.08508454558451993,48.243568727763574,0.23599590642699392
COC1(C)CCC(O)CO1,40.286,37.213417053222656,0.07626924854235577,41.889405697782074,0.11162699891937111
CCC1CCC(O)CO1,40.286,38.02850341796875,0.056036751775585834,38.86118623101537,0.021427107451034197
CCNC(CCN)C1CO1,40.286,37.97477722167969,0.05737037130319004,47.794946410382316,0.20546459251954366
CCC1CC(C)C1C=O,40.286,36.44514083862305,0.09533979946822604,40.86044920205794,0.10805824335412638
CCC=C(C)COCCC,40.286,37.61466979980469,0.06630914462084381,50.83493707243279,0.26006262688573883
CCC#CCC(C)CO,40.286,37.21261596679688,0.07628913352537177,43.571691259736866,0.1459451104395434
C#CC(CCC)C1CCC1,40.286,37.61839294433594,0.06621672679501722,46.45332511177809,0.19018944599085516
COC1CCC1CC=O,40.286,36.79353332519531,0.08669182035458196,38.45977302632315,0.04332422086805884
CC1(C)CCC(O)CC1,40.286,38.56072998046875,0.04282554782135857,39.59293314059035,0.026070388785199416
CC(CCO)C1CCC1,40.286,39.59757995605469,0.017088319613397056,41.80798150237845,0.05287032444266691
CC1CC(O)C1N(C)C,40.286,37.80013275146485,0.061705486981461485,41.56896867459142,0.0906646482531145
CCC1CCCC(C)(C)O1,40.286,37.0537109375,0.0802335566325771,46.12900289216274,0.19673722356146178
C=CCC(C)C1CCCN1,40.286,36.86298370361328,0.08496788701749293,44.71682231013808,0.17563498926765633
C=CC1CCCCC1C,40.286,37.82749938964844,0.061026178085477924,40.01895894644638,0.05476053386922357
CN(C)C1CCN1C=O,40.286,36.74790573120117,0.08782441217293425,38.20604200911894,0.03816507026741325
CCC1C(=O)C(C)C1C,40.286,37.3690185546875,0.07240682731749246,41.00113700914673,0.08858579833161605
CC1(CO)CC12CC2O,40.286,36.45695495605469,0.0950465433139382,35.789769020534735,0.018641806130046505
CC1CCC1C1(C)CC1,40.286,36.73169708251953,0.08822675166262399,38.88016013237144,0.055258595708897434
CCC1(C)C(C)C1COO,40.286,36.7071533203125,0.08883598966607509,47.06093099726547,0.2200079228682193
CCCC(C)C1CC1C,40.286,38.297752380371094,0.049353314293523985,45.8203269232064,0.16417548821602548
CC(CO)C(C)CCCO,40.286,38.87541198730469,0.035014347731105434,51.276324245151464,0.24184479758256794
CCC1CCC(O)C1CCCO,40.286,36.681976318359375,0.08946094627514835,55.85563422446209,0.34327168910214556
C#CC(C#C)C1CC1,40.286,36.621742248535156,0.09095610761715844,33.42447958774061,0.09565631836994197
CCCC1(C)CCCCNC1,40.286,37.21637344360352,0.07619586348598734,49.960669193994995,0.2550865702159824
CC(C)CC1CCC1C=O,40.286,36.62288665771485,0.0909277004985642,45.750242409859894,0.19950398667566305
CCC1CC1(C)CCCO,40.286,36.67539978027344,0.0896241925166699,48.399808501082624,0.242240808050861
C=C(CCC)C1CCC1,40.286,37.878700256347656,0.05975524359957169,41.741999302680576,0.09255184492528193
CC1=CC1(C)C1CC1,40.286,37.63415908813477,0.06582537139118393,32.60030169335602,0.1544113745365938
CC1CCCC1CC=O,40.286,36.67006301879883,0.08975666437971437,39.21792413583468,0.06496675112663058
CCC1NC(CO)C1C=O,40.286,36.53011322021485,0.09323057091260382,42.65907144277755,0.14367303401772408
CCCCCC(C)NCCC,40.286,36.53526306152344,0.09310273887892974,60.24200700235686,0.39352513504249514
CCC1=CCCNNC1=O,40.286,36.902740478515625,0.08398102371752908,37.54986216780446,0.017233663505792703
CC#CC(C)C1CC1O,40.286,38.1097412109375,0.05402022511697616,38.796745772343236,0.01770778831392287
CC1(C)CCC(CO)C1,40.286,38.1120719909668,0.05396236928543922,40.7045588708548,0.0636903322822709
CCC1(C)C2OC1C2=O,40.286,37.2706413269043,0.07484879792224854,35.507893674476826,0.04964382479534513
CCOCCC(C)NCCO,40.286,38.18004608154297,0.05227508113133676,56.002409807976214,0.3182428003999012
CCC(C)(C)CC=O,40.286,37.61273193359375,0.06635724734166339,40.667620280043316,0.07511844374992065
CCCC=C(C)C1CCC1,40.286,38.511451721191406,0.04404875834802649,46.28724335859187,0.1679899487027265
CC1CCCC(C)CC1,40.286,37.26177978515625,0.07506876371056326,41.42512962808683,0.10050300096364136
CN(C)C1C(O)C1CC=O,40.286,36.749671936035156,0.08778057051990383,43.72213562177378,0.15947216636568667
CC(CO)CC1(O)CC1,40.286,36.69750213623047,0.08907555636621985,39.975785014881986,0.08200671675193105
CC(CC=O)C1CCCC1,40.286,36.388858795166016,0.0967368615606907,44.10771734363662,0.17500018167646572
C#CCC(O)C1CCC1,40.286,36.64769744873047,0.09031183416744112,38.61150658747446,0.050860722937473984
C=CCC1(C)CCC1C,40.286,37.52550506591797,0.06852243792091628,41.66820854381901,0.09942120438282114
CC1(C)CCC2CC2N1,40.286,36.73571014404297,0.08812713736675352,37.57660455799675,0.02237813724377157
C#CC(C)CCCC=O,40.286,37.309730529785156,0.07387850544146465,42.96834054291501,0.13169254250064105
C#CC1C(C)C1CCCO,40.286,36.27502059936523,0.09956261233765494,46.30823478529369,0.21666155560554332
CC#CCCCC(C)CO,40.286,39.68057632446289,0.015028140682547554,49.04368942943581,0.19091371823574957
CC(C)C(CO)CC1CC1,40.286,37.37661743164063,0.07221820405002671,48.34029977640366,0.22680211739428907
CCC(C)COCC1CN1,40.286,36.985347747802734,0.08193050320700161,47.58809334279588,0.22280248797986862
CCCC(O)(O)CCOC,40.286,36.962745666503906,0.08249154379923783,49.43265602323694,0.25226057751926717
CCCC1COCCC1O,40.286,36.67659759521485,0.08959445973254128,44.33318440071431,0.17270554572154967
C=CCC(C)OC1CO1,40.286,37.59911346435547,0.06669529205293483,39.59610556283546,0.050434053301301206
CC(N)COC(C)C1CC1,40.286,38.25428771972656,0.050432216657733175,48.476874465040474,0.21087553308920567
C#CC(C)(C=O)CCCO,40.286,36.6918830871582,0.08921503531851756,46.045321349932564,0.2031354758432598
COC(CCC=O)CCCO,40.286,37.40586471557617,0.07149221278915327,52.86921460283627,0.29248306416926684
COC1=CC(O)C1CO,40.286,37.424163818359375,0.07103798296283141,36.76200260627276,0.01801210938311697
CC#CCCCC(C)C=O,40.286,37.51228332519531,0.06885063483107504,46.98305283125947,0.20157841892647138
CC(O)C1CCC(C)C1O,40.2627,37.287681579589844,0.07389018670904232,44.86033225912597,0.16880505110382046
COC(C)CC(C)C1CO1,40.2627,36.93273162841797,0.0827060373889986,47.53459451850112,0.22303467606012212
CNC(=N)C(C)CCO,40.2627,37.95287322998047,0.057368899006264684,41.73701357204853,0.0906662939727513
C#CC1C(C)CC1CC,40.2627,36.562843322753906,0.09189291024313063,42.09443123993498,0.13140901906124947
CC(C)CC1C(=O)C1C,40.2627,37.65304565429688,0.06481568165332,41.53055777751415,0.09336527922378791
COC1CCCC(C)C1,40.2627,36.4278678894043,0.09524527939248252,40.66697851857529,0.10423962594700054
CCCCC(O)CCCC,40.2627,36.76155853271485,0.08695744367082084,53.69745022569432,0.3153947090932004
CC(O)CN(C)C1CO1,40.2627,37.09663391113281,0.07863521544424963,40.26174133426876,0.07861327697821084
COC1(C)CC1(C)C=O,40.2627,36.64871215820313,0.08976019595796797,38.42339503027509,0.04618756022661776
CC1CC(C=O)C1C,40.2627,37.77885437011719,0.06169098520175782,35.388451032358994,0.06754755486676778
CCCCC(CCC)CCC,40.2627,39.08110809326172,0.029347060846348694,61.53926874999793,0.3649403236813237
CCCC1(CO)CCO1,40.2627,36.84934616088867,0.08477707255378626,39.97953649242916,0.07829481295095173
CCC#CCCCCC=O,40.2627,37.5526237487793,0.06730984884820704,47.03435845719764,0.20159166659085917
CC1COCC2COCCC12,40.2627,36.838626861572266,0.0850433065449594,44.451783598669806,0.171267744975825
CCCCCC1CCCC1O,40.2627,37.015846252441406,0.08064172913288467,52.22255707340895,0.2911904677434994
CCCC1CCCCC1,40.2627,40.5406494140625,0.006903397289861276,42.00585602239244,0.03488100819916328
CC(=O)C(C=O)OC(C)C,40.2627,37.42189025878906,0.07055686134340071,44.34734549030263,0.15616391815442363
CC1CCCC=CC1O,40.2627,36.816593170166016,0.08559055477734942,37.22109305595507,0.010867490784888191
CCCC(C)C1CCC1,40.2627,36.46432113647461,0.0943398943321087,44.17780185698313,0.1746008265752874
CCC1CC(C)C1C,40.2627,39.08586502075195,0.02922891359119108,39.818907985140015,0.01840941907953944
CCC1NCCC1CC=O,40.2627,36.68021011352539,0.08897788490276637,43.38636673115896,0.1545682923667674
CCC1CCCC1CCO,40.2627,36.289283752441406,0.0986872774940229,46.75055890371001,0.22376791628983972
CCCC1C(C)C1CO,40.2627,38.52278137207031,0.04321415672395765,44.03271153049874,0.12513265631193385
CC(C)(C=O)C1=CC1,40.2627,38.30026245117188,0.04874083329801845,33.44228945710996,0.145264366552784
COC1OCCC1=O,40.2627,36.30804443359375,0.09822132063687364,30.180188824758446,0.2030423217169633
CCCCC1(O)CCC1,40.2627,36.44917297363281,0.09471612749187684,41.28528526516041,0.1171388852097546
C#CC(C)CC1CC1O,40.2627,36.49948120117188,0.09346662789202233,40.25403165369772,0.09327141402446204
CCCC(CC)CC(C)N,40.2627,37.00271224975586,0.0809679368309662,55.652496128168906,0.335111363836443
CC(C)CCCCCC=O,40.2627,36.75021362304688,0.08723921587357845,51.63681362751796,0.2882943186978099
CC#CCC1CCC1C,40.2627,37.363548278808594,0.07200589431884619,40.10624602262164,0.06838580061235468
CCC12CCC1NC2=O,40.2627,37.40463638305664,0.0709853938494776,33.86756180661012,0.10443841799548058
CCC1CCCCNC1=O,40.2627,37.23968505859375,0.07508227072218833,40.77290374176003,0.08665604749527621
CNC(=N)C(C)CCCO,40.2627,36.76325225830078,0.08691537680531164,47.20901174174748,0.22126621799645496
CC1CCCOCC(CO)OC1,40.2627,36.702415466308594,0.08842637313670987,50.63655477658768,0.2751794503349915
CCCCC(C)CCC1CC1,40.2627,36.893714904785156,0.08367509121879173,56.233423926645486,0.343918397127806
CCCCCC1CCC1N,40.2627,36.711669921875,0.08819652129949065,49.868536162387215,0.26383100955017874
CC1CC(O)C(=O)C1C,40.2627,36.341217041015625,0.09739741644212577,37.51969092427762,0.03140947737656992
CC(C)C1CC(C)C1O,40.2627,36.39286422729492,0.09611466127967276,42.8697801742961,0.1510834886642273
CCCOC1(C)CCNC1,40.2627,38.2556266784668,0.04984944679649416,44.84214564504893,0.1468823329445066
CC1COCC2CC(C)C1N2,40.2627,36.78597259521485,0.08635107443825571,46.09650186324964,0.20197908499988793
COC(C)(C)CCC=O,40.2627,37.813255310058594,0.060836573054996526,44.26984160996629,0.1458461576798177
CC1(C)C=CCC(O)C1=O,40.2627,36.3061752319336,0.09826774578124192,38.94094594706998,0.06766067569898424
CCC1(O)CC(O)C1O,40.2627,37.017967224121094,0.08058905080580557,37.607443227868714,0.01567445040536001
CC(C)CC1(C)CCOC1,40.2627,36.46742630004883,0.09426277174534184,46.658423660530175,0.21841709515579352
CCCC1(C)CCCCC1,40.2627,38.68466567993164,0.039193454986087915,46.903852328935145,0.17523478863447342
CC(CO)C1CC1CO,40.2627,36.83001708984375,0.08525714644463117,41.08068621399706,0.1034712298137079
CCCCC1(C)OC1O,40.2627,36.45747375488281,0.0945099619528047,41.622061558652426,0.12408294088200912
CC1COC1(O)C1CC1,40.2627,36.57756423950195,0.0915272885449324,35.20459100503551,0.038999834830350924
CC#CCCCC(C)OO,40.2627,38.329933166503906,0.048003905190066636,47.17391258965984,0.18747606330822914
CNC12CC1(C)C(C)O2,40.2627,36.69612121582031,0.08858270270448057,37.92639920937174,0.03243856572725785
CCCCCCCOCCO,40.2627,37.60588836669922,0.06598692172409658,57.35097718155547,0.3442851331434058
C#CC(C)CC#CC=O,40.2627,36.64495849609375,0.08985342522747486,38.314579746656506,0.04357665571703038
COCC1OC1CCOO,40.2627,36.87444305419922,0.08415374393174782,43.928507911955684,0.16058057040987306
CC1CCCCCC(C)CCC1,40.2627,36.96820068359375,0.08182509658831258,54.506246946390384,0.32176213269730675
CCC1C2CC23CC13O,40.2627,36.826759338378906,0.0853380588391016,35.076996012315796,0.04988349987121917
CC1CCCCCC(CO)COC1,40.2627,36.61649703979492,0.09056031910937618,56.30267598875344,0.34964908156214225
C#CC#CC(C)C1CC1,40.2627,36.50078582763672,0.09343422503615713,37.43919187608506,0.025064805125982595
COCC#CCCNC=O,40.2627,37.04127502441406,0.08001015767909106,43.86731986978059,0.15560660796304687
CCCCC1(C)CCC1,40.2627,37.2850227355957,0.07395622410827637,43.65510561976507,0.14591839359301143
CNNC(C)(C)COC,40.2627,36.67926406860352,0.08900138171052828,46.10577506746514,0.2044540187225591
CC(CC=O)C1CCO1,40.2627,36.42605590820313,0.09529028335896196,38.44159613147085,0.052431231428958926
C#CCC(C)C1CCC1,40.4144,38.76734161376953,0.04075424567061417,40.98132694207913,0.05402424698055114
CC(CCC#N)C1CO1,40.4144,38.06156921386719,0.05821763495518461,38.54594942631631,0.012566306438373157
COC1(C)C(O)C1CCO,40.4144,37.114479064941406,0.08165210754232635,44.6911106426608,0.1695333024569537
CC#CCCC1CC1O,40.4144,37.95203399658203,0.060927936661634687,38.84805139828143,0.023064667839145063
CC(C)CC1CC1(C)C,40.4144,36.52142333984375,0.0963264742308744,45.24632506005015,0.19283116824685445
CC1CCOCC1C#N,40.4144,37.03160095214844,0.08370281503255184,35.793277197420025,0.034596545823350054
CCCC(CCO)COO,40.4144,37.220558166503906,0.07902732277346923,49.45785303131366,0.2474287522562262
CCC1CCCC1CC=O,40.4144,37.31124877929688,0.07678330547287911,44.689922305533635,0.16510822005441492
CC(CO)C(=O)C1CC1,40.4144,37.085411071777344,0.08237135595784316,37.55122156114172,0.012404669408848303
CCC1CCC1CCOO,40.4144,36.48860931396485,0.09713841319022816,45.99240779419845,0.20663842003576124
COC1(C)CC(C)C1O,40.4144,39.64669799804688,0.018995754037004767,40.4773070973021,0.020520364589930486
CCC1C(C)C1(C)C=O,40.4144,37.51712036132813,0.07168928992319261,41.39807306916614,0.09374718241967145
C#CCC(N)CCCCO,40.4144,36.584877014160156,0.0947563983589969,50.137506484598426,0.2703092040407206
C#CCCOCC1CC1,40.4144,37.54449844360352,0.07101185608091386,40.27448145850576,0.06778443610043501
CCCC1(CO)CC1O,40.4144,36.58553695678711,0.0947400689658362,40.557989976779005,0.09794501705499402
CCCC1CCOC1C,40.4144,38.36001586914063,0.05083297366432201,42.34263231588446,0.09405689322838305
C#CCC=CC1CO1,40.4144,38.58587646484375,0.0452443568420229,31.921960830158987,0.20875646299236353
O=C1C2CCC(CO)C12,40.4144,36.37822723388672,0.0998696693780752,33.90619822549521,0.07290787931902985
COC(C=O)CCCO,40.4144,37.49485397338867,0.07224024176064295,41.92521826343836,0.10567301670825807
C=C1NOC(=C)C1CC,40.4144,36.38753128051758,0.0996394532513763,37.9741779977167,0.04178225312196421
CCC1C(C)C1C1CO1,40.4144,37.047584533691406,0.08330732279357342,39.790938289019714,0.06894418360788779
C#CC#CC1CCO1,40.4144,36.54314041137695,0.09578911448946532,29.601124829328622,0.23451864150683296
CCC1(C)NNNC1C=O,40.4144,36.42970657348633,0.09859588232198603,40.20525371925336,0.09390681059075157
C#CC#CCCCCCCC,40.4144,36.97111129760742,0.08519955021954004,53.740338664773624,0.3120417136142519
CC1CCCC(=O)C1C,40.4144,36.528968811035156,0.09613977168941873,38.24698621265902,0.044919026876298826
C#CCC(C)CC1CO1,40.4144,36.44433975219727,0.09823380398577572,40.78720389961232,0.10647614281439695
CC(C)CCCC1OC1C,40.4144,38.07190704345703,0.057961839258852524,49.98657632017412,0.23835737819692285
CCC1CCC(C)C1,40.4144,38.56277847290039,0.04581588560264683,38.176382918916744,0.010121324348729336
CCCCCCC1CC1=O,40.4144,36.61994552612305,0.09388867517214046,46.522962237192466,0.21286298711118012
COC12CCC1C2C,40.4144,36.76567840576172,0.09028271097030467,33.761636583425386,0.08897796808259907
CC#CCC(C)C=O,40.4144,37.764442443847656,0.06556963745972584,36.039056491861544,0.04787544736016451
CCCCC#CCCCCO,40.4144,37.85820007324219,0.06324973095623869,54.566993225072956,0.3062069607337876
CCC(C)OCC1CC1=O,40.4144,36.96671676635742,0.08530828698787013,44.601879771478295,0.17118478064692141
CCCC1OCCOC1C,40.4144,36.860652923583984,0.0879326941985039,45.397255982587744,0.18804226982965666
CCC1CCC(C)CC1C,40.4144,36.44338989257813,0.0982573069851804,48.53965286400904,0.24920373875191001
CNC(=N)C(O)C1CC1,40.4144,37.85762786865234,0.06326388938961501,36.43116874869606,0.0391549096268654
CCC1C=CC12CCC2,40.4144,36.40856170654297,0.0991190836300188,36.515044578885515,0.0029161369942327584
CC1CC2(C)CC2CCO1,40.4144,37.128196716308594,0.08131268269951816,41.93478379907473,0.11462052852820934
CCCC1COCCOO1,40.4144,36.51969909667969,0.09636913831011504,42.44898214363323,0.1396802172285503
CCC1CCCCC1=O,40.4144,36.46781921386719,0.0976528362695676,37.71608687670019,0.03309642558926604
CC1CCCC1CCO,40.4144,37.77913665771485,0.06520604889062208,41.27856073401103,0.08477582585414288
CNC(C(O)O)C1CO1,40.4144,36.42589569091797,0.09869017748827227,37.89547073172772,0.038779701437495526
CC#CC(C)C1CC1OO,40.4144,36.44799041748047,0.09814347318083484,42.39896710226621,0.14035664289726685
CCCC(C=O)CCO,40.4144,37.7349853515625,0.06629851360993855,43.79499510321434,0.1383721984069149
CCC1CCC1C(C)OC,40.4144,36.56688690185547,0.09520153950434823,48.310922522864935,0.24309276262425264
COC(C=O)CCC=O,40.4144,36.720497131347656,0.09140066086969853,39.86458166526201,0.0788691214751692
CCC1C2CCC(C)C12C,40.4144,36.93672943115234,0.08605028328634487,45.994683368293636,0.19693480362961657
CC1COC1C1CN1C,40.4144,37.11290740966797,0.0816909960393333,37.90792182741798,0.020972250110925204
COCCC1(C)CCC1,40.4144,36.90169906616211,0.0869170625776429,41.785328779989094,0.1168742679886665
C#CC#CC1CC1CO,40.4144,37.209144592285156,0.07930973632454877,35.651576483377426,0.043688618079314054
C#CCC(C)C#CC=O,40.4144,37.46284484863281,0.07303226452371403,38.314579746656506,0.022230046725176967
C#CC1=CC1CCC,40.4144,36.98238754272461,0.08492053469247078,35.28367346496073,0.04814447904498461
CCC1CC1C1CC1CC,40.4144,36.84556579589844,0.08830600489185941,46.56868523144991,0.20879093724091266
CCC(C)C(C)COC,40.4144,38.85971450805664,0.038468602575897695,48.67418994488586,0.20163613298839123
CCCC(C)CCCO,40.4144,37.51965713500977,0.07162652086855761,48.22545205599535,0.22199470330635582
CCCC1(O)OCCC1C,40.4144,36.629371643066406,0.09365543857965464,44.87080826782251,0.1836703403149115
CC1COC1C1(C)CC1,40.4144,37.09443664550781,0.08214803026872075,37.5744113596402,0.012773978267772528
CC#CC(C)CC(C)O,40.4144,36.63158416748047,0.0936006926372662,43.52038563379868,0.1582890722587773
C#CC(C)CCCCC,40.4144,37.09180450439453,0.08221315906225181,47.39879749569603,0.21745262613966965
CCC1(O)CC1C1CC1,40.4144,36.94464111328125,0.08585451934752837,37.62196550803121,0.018003429262763267
CCC12CC1C2CC=O,41.4418,38.52883911132813,0.07029040458358167,37.78458037038371,0.01969741978470638
C#CCC1CC1NC=O,41.4418,37.52453994750977,0.09452437038184236,36.947438933818475,0.015619513296307789
C#CCCOCC(O)C=O,41.4418,37.953895568847656,0.08416392220300142,44.200741518233315,0.14132898532502589
CCCC1CC1CC=O,41.4418,38.16661071777344,0.0790310575850123,41.44117559636356,0.07901718113608391
CC1(C)CCC2(N)CC12,41.4418,37.692138671875,0.09048017528497798,39.054315173287726,0.03487902669317383
COC(C)(C)C(O)CO,41.4418,37.63253402709961,0.09191844883427823,43.9093522275998,0.14294946024174804
CC1CC2C1CC2(C)C,41.4418,37.68229293823242,0.0907177550629456,40.52268519859471,0.07009388066072157
CC1(C)CCC(N)CN1,41.4418,37.52339172363281,0.09455207728349607,40.295729094628456,0.06879978184499966
CC1(O)CCC2(C)CC12,41.4418,37.88971328735352,0.08571265516088791,37.047963644874955,0.022720537370075185
CCC1(C)CC1CC=O,41.4418,38.593997955322266,0.06871810695186345,40.867173733207316,0.05562351320707904
CCC1CCCC1CO,41.4418,37.4608268737793,0.09606178125034877,41.27856073401103,0.09248708754242374
CC(O)CC1CCCCCC1,41.4418,37.84593963623047,0.08676892325549401,49.41710065098306,0.2341529726010424
CC#CCCC(C)C=O,41.4418,38.46627807617188,0.07180001650092722,41.5110546615605,0.0733485720903184
C#CC(C#CC)CCCC,41.4418,38.50104141235352,0.07096116934222174,48.21703486913649,0.20150541158643773
CC1(C)CCC=CC1O,41.4418,38.50951385498047,0.07075672738683,37.758716923063254,0.019884068980602024
CC#CCC1NCCC1O,41.4418,37.921287536621094,0.0849507613901642,40.79324253307682,0.07040271422716714
CCC1CCCCOC1O,41.4418,37.32971954345703,0.09922543076176636,43.22155867044989,0.13631713682322713
COC1CC1(C)O,41.4418,37.35912322998047,0.09851591316061396,30.114037152209775,0.24058833563732412
CC1CCCOCCC1,41.4418,37.42926025390625,0.09682349092205818,38.47685578913232,0.027226640892054465
CC1CCOC(C)C2CC12,42.0217,37.88167572021485,0.09852110409110433,43.0396849981898,0.1198431001107905
CC#CCC1(C)CCCO1,42.0217,37.84918212890625,0.09929436151068978,42.055968490209835,0.10002828403019369
CN(C)C1OOCCCC1O,42.0217,37.9754638671875,0.09628920611999282,46.035690941774696,0.17508647985280942
CCCCCCCCCCN,42.0217,38.36148071289063,0.08710307500908762,61.22710554974423,0.3734559168124699
CCCCCC(C)NCC,42.0217,39.385643005371094,0.06273085083727951,54.7700088326579,0.28089032949203246
COC(C=O)C(C)CN,42.0217,38.57696914672852,0.08197504749383025,43.88026416591294,0.12085832024922318
C#CC1(C)CCCCC1,42.0217,37.85259246826172,0.09921320488553018,38.2353792443322,0.010011324161959871
CCC1C(C)NC1OC,42.0217,38.38400268554688,0.08656711447783234,42.11757374068832,0.0886463944511259
CCC1C(C)OC1CO,42.0217,37.95244598388672,0.09683696795020867,41.61533702750308,0.08801781519144254
CC1COC1OCC1CO1,40.5084,36.59695434570313,0.09655887801781547,40.44488577998817,0.09514012365412503
CC1CC(C)C(O)C1C,40.5084,37.479530334472656,0.07477139718002551,42.34035940592871,0.1148036799795189
CCCCCOC1OC1NC,40.5084,36.84811019897461,0.0903587848699379,52.342841528394175,0.296023885539615
CCCC1CC1OCCO,40.5084,36.46163940429688,0.09989929485497147,47.1040335244629,0.22593381763451365
CC1(C)CCC(CO)CC1,40.5084,36.9981575012207,0.08665468146802388,45.0649313102893,0.17900335304021156
CCC1CC(O)C(O)C1C,40.5084,37.28207015991211,0.07964594602817915,45.442537221022995,0.17957771638982395
CC12CCC1(C)OC2,40.5084,37.01730346679688,0.0861820396066773,32.109137721090605,0.15285884623685775
CCC(C)CC=CCO,40.5084,37.78448867797852,0.06724312295774422,44.780901530302785,0.1562365341749509
CCCC1(CC)CC1,40.5084,36.66461181640625,0.09488866959923747,39.294733180330546,0.06693317783465279
CCC12CCC13OC23C,40.5084,36.53559875488281,0.09807351673028776,35.03616639507417,0.04279670163969347
CC(C)C1COC1C=O,40.5084,36.6697883605957,0.09476088019779352,38.9724954674297,0.05908544164841663
CC(C=O)CC=CCN,40.5084,38.242095947265625,0.055946521035991965,42.35679610593455,0.09714380068733337
CCOC#CCCCC=O,40.5084,37.55226135253906,0.07297594196415902,45.16458161742167,0.16854623672515653
CC(C)C1CCCCC1,40.5084,36.5020751953125,0.0989010872976346,41.95455039645426,0.12996147377621686
CCCCC1(C)OCC1C,40.5084,36.56013107299805,0.09746790608866196,48.35225435269162,0.2438794930569176
CCC1CCC12CCN2,40.5084,36.8432846069336,0.0904779105831484,37.04570522203794,0.005464077789614335
CCC1CCCCC1O,40.5084,36.99018859863281,0.08685140369323867,40.1669350037466,0.07908859376045187
CCCC1(C)CC1OC,40.5084,36.88896560668945,0.08935021855493054,43.42785384621236,0.15056899340866706
C#CCOCC=CCCCO,40.5084,36.55148315429688,0.09768139066719808,50.709951740958914,0.27920493119353734
COC1CCCC1O,40.5084,36.57444381713867,0.09711457828157444,33.93678572453611,0.0777226845822217
CCCC#CC1CC1C,40.5084,36.64685821533203,0.09532693921922293,41.217871752886076,0.1108988247854884
CCCCOCCC1CCC1,40.5084,36.838279724121094,0.09060146231099987,53.30332698254325,0.3088934254294189
CCC1CC1C1CCCN1,40.5084,36.53195190429688,0.09816354375149663,42.510978860587535,0.14064665450067734
CCCC1(C=O)CCO1,40.5084,37.68861770629883,0.06960981657387537,37.91889989425281,0.006073018695062006
CCC1(C)CC1CCO,40.5084,36.88410949707031,0.08947009763233525,42.92781033138368,0.1407875404698883
CC#CC(C)C1CCC1,40.5084,37.450843811035156,0.07547955952258903,39.52404106072462,0.052454080960603444
CCNCC(C)C(C)CC,40.5084,40.02488708496094,0.011936114856154877,54.7187032067197,0.2685337053081751
CCC12C(=O)CC1C2C,40.5084,37.47750473022461,0.07482140172841663,36.81364244720807,0.01803305076286709
CC1CCCC1(C)NN,40.5084,37.53278732299805,0.07345668249059342,41.41364865162647,0.09370971781004869
COC(O)(C=O)C1CC1,40.5084,37.479713439941406,0.0747668769948602,36.59417643200917,0.024198850589725266
CC1CC1CCCCC=O,40.5084,36.78570938110352,0.09189922630606208,46.91317376606252,0.21587676918770546
COC1CCOCC1CO,40.5084,36.721656799316406,0.09348044357919827,42.463407560938336,0.13521643908068529
CC(CO)C1NN1CC=O,40.5084,37.26071166992188,0.08017320679360643,42.41710147980769,0.12156393600681238
CCCC1=CC1(C)CO,40.5084,37.482383728027344,0.07470095762786627,41.00832433180277,0.08598109435651795
CCCCC=CC1CCO1,40.5084,36.94411087036133,0.08798888945598131,44.95080635419646,0.17812128709650282
CCCC1CC(C)C1O,40.5084,36.921085357666016,0.08855730274051768,42.921085800234295,0.13979144121595188
CCC1OC1C1CC1C,40.5084,36.734840393066406,0.09315499024729676,39.790938289019714,0.07680386609020064
CC(CO)C1(C)CNN1,40.5084,37.21608352661133,0.08127490775712379,38.626868490472866,0.036523410232167826
CCCCCCC#CC=N,40.5084,36.653099060058594,0.09517287624150564,46.24295044200878,0.20737974740552917
C#CCC(C)CCCC=O,40.5084,37.25843048095703,0.08022952076712411,48.44033871261396,0.23083877051307933
CCC(OC)C1CC1C,40.5084,37.601295471191406,0.07176547404510164,43.95055008343042,0.1444635982982319
CCCCCC1OCCC1O,40.5084,36.95122909545898,0.08781316725768032,50.91680830067773,0.27428229834729967
CC(C)C1(CCN)CC1,40.5084,37.61665344238281,0.07138634351436217,44.351956897899456,0.15186034453951303
COCCCOC1CC1C,40.5084,37.50564575195313,0.07412670577082474,47.604077039291575,0.21213374810320076
CC1CC2CC(C2)C1C,40.5084,36.50196075439453,0.09890391241336292,39.985061331486506,0.0871100471302562
CC1(O)CNC2CC21,40.5084,36.67731475830078,0.09457508175339488,30.84641176395758,0.18903018733466778
CCC1(C)C=CCC1O,40.5084,36.94935607910156,0.08785940498510035,38.87034265332769,0.04942036635382404
C#CCCC1CC1CC,40.5084,36.774864196777344,0.0921669531065818,42.67515763424059,0.13826061260355188
CCC(C)C(C)CC=O,40.5084,40.039649963378906,0.011571674927202642,46.11350983188082,0.13171541031350248
CCCCC1(C)CC1,40.5084,37.68196868896485,0.0697739557976903,39.294733180330546,0.04104276478897136
CC1CCCCCNC1N,40.5084,37.159156799316406,0.08268021449091041,44.118477666954774,0.15774163651278875
C=CC(CC)C1CCO1,40.5084,36.65348815917969,0.0951632708480294,40.35425667234698,0.09170701726004697
CC(C)CC1CNCNC1,40.5084,37.176170349121094,0.0822602139526347,44.819437417403854,0.1705346498908708
CCCCC(C)C1CC1,40.5084,38.186973571777344,0.057307285111795524,45.289427587247566,0.15682366490032887
CCC1C(O)C1N(C)C,40.5084,36.81963348388672,0.09106176783366618,42.68059440485586,0.13732144555846035
CC1(C)CCC1C1CO1,40.5084,36.89631652832031,0.08916875195464864,37.5744113596402,0.01804671867855929
COC(C)=CC=CC=O,40.5084,39.318267822265625,0.02937988609114102,37.48793142426023,0.04882468379732723
CC1CC(O)C2CC2C1,40.5084,36.86375427246094,0.08997259154987766,37.61524097688185,0.019978250435316175
CC(C)C1(C)CCCC1,40.5084,36.58328628540039,0.0968962910063002,42.49217426356244,0.13905826379962377
CCC1(C)CCCC1C,40.5084,38.08479690551758,0.05982964260455668,43.07437922545945,0.1158364301392588
CC1C(CCO)C1(O)C=O,40.5084,37.37043380737305,0.07746458000382525,42.13043052965576,0.11298238974634109
C#CC1CC1CCCO,40.5084,36.797523498535156,0.09160758019237604,40.305337279635914,0.08703099931316205
CC1C=CCCCOCC1O,40.5084,37.58737182617188,0.07210919645871293,44.63608916209289,0.15791520870755663
CCC1(C)COCC1C,40.5084,38.751548767089844,0.043370047518790124,41.76863045272822,0.07223319637096949
CC1CCCCCOC1=O,40.5084,36.75886917114258,0.09256181011487552,40.3499055810024,0.0889973931327007
CCC1CC(C)C(C)C1=O,40.5084,37.21178817749024,0.08138094376745977,45.36150944858125,0.1796615979088832
CC1CCCOCC(C)C1O,40.5084,36.78401184082031,0.0919411321893654,48.11283044584322,0.23546356554048214
CCCC1(C)CCC1C,40.5084,37.08470153808594,0.08451823478375013,44.186004955723895,0.16071386007297428
CCC(C#CCN)C1CC1,40.5084,36.82460021972656,0.09093915781105744,45.744196134496136,0.1949885814704091
CC1CCC(O)C1(C)O,40.5084,36.86042785644531,0.09005470824704725,38.86563785220896,0.0515933896000547
CCCCCCCCCCC,43.2839,39.10161590576172,0.0966244745560886,61.59057437593613,0.36513636539426403
CCCC(C)COCCO,45.5352,41.24566650390625,0.0942025838492804,51.82767338591833,0.20417676871613594
CCCC(C)OC1CC1,41.8033,37.74357604980469,0.09711491557353877,43.41965074747159,0.13072594090355352
CCCCC1CCCOC1,41.8033,37.94374084472656,0.09232666213608584,46.172105419360165,0.17821072918159397
CCCCCCCC1CO1,41.8033,37.65977478027344,0.09911957237171616,49.506982610153464,0.23930377504869918
CCCC1C(O)=C1NC,41.8033,38.67495346069336,0.07483491827933778,40.73069400122295,0.050471532364949806
COC1=C2C(C)C1C2O,41.8033,37.87123107910156,0.09406120858636607,36.49485915195887,0.0377141317743328
CCC1OC(C)=C1OC,41.8033,38.66574478149414,0.07505520421846743,40.11062476069704,0.036022375313851704
CCC1OC1(C)C1CC1,41.8033,37.93555450439453,0.0925224921383113,38.68603708990464,0.019399314118580244
CC(CO)CC1(O)CO1,41.8033,37.6626205444336,0.0990514972637664,38.67003624215072,0.02605158400702579
CCC1CCC1(O)CC,41.8033,38.71424865722656,0.07389491601795642,41.81618460111922,0.07418027190863395
CC(CO)C1CCC1C,41.8033,37.74921798706055,0.09697995165308608,42.338880838337296,0.1084030272033282
CC1CC1C1OC1O,41.8033,38.14613342285156,0.0874851166570208,31.94911976471609,0.1939650827244173
