SMILES,des_cv,pred_cv,Err_pred_des,jobacks,Err_joback_des,Err_joback_pred
C#CC1=CC(=C)CO1,32.5124,27.106556,0.1662702249381558,29.95677419182465,0.08531044737362918,0.09514436279332396
CC1CC2OCC2C1=O,37.6154,31.171692,0.1713050533948529,33.85864407710419,0.11095411601069394,0.07935793503677697
C#CC(CC)C(N)CO,39.2587,40.523804,0.0322247988582786,44.61420268896129,0.12004030927770866,0.09168377876163109
C#CC(=CC)CCOO,39.2587,36.73757,0.0642183333551901,39.796643633225166,0.013517311615094436,0.07686762887388895
C1=NN=C2NCCC=C12,27.8391,27.096441,0.0266768225653523,28.029317597093478,0.006786379883654533,0.033282172991261634
OCC1CCC2(O)OC12,36.4375,32.675255,0.1032520117522512,33.94639638069533,0.0733834481683396,0.03744554698648976
O=c1cc1CCCOO,36.4375,31.30092,0.1409695921385881,32.253920473214954,0.12970762826364846,0.0295468104104233
CC#CC1C=NC(=O)O1,34.6959,29.422552,0.1519876380562358,30.877832682869695,0.1236507547775036,0.04713027296365432
CC1CC2(C=O)CC2O1,32.0303,31.481295,0.0171401881356711,34.25558013712361,0.06496109913234314,0.08098783106338488
CNC#CC#CCCO,32.0303,36.07214,0.1261880076049939,37.67197434177545,0.1497578621866721,0.04246749393225607
O=CC=C=CNCC=O,32.0303,32.697144,0.0208191479532662,35.97931096779329,0.10975782641663791,0.09122373051366392
C1=CC2CCC2=C1,23.694,22.466364,0.0518121082611482,24.22556410306295,0.021942279684448847,0.07261750833040573
COC1=CC(C#N)=C1,30.6934,26.07646,0.1504212669615111,28.141530422043413,0.09067984362206877,0.07338159620579239
C#CC#CCCC(C)N,31.6631,38.48221,0.2153645174336412,42.38156787324564,0.2529039960320092,0.09200598441539022
C#CC1C2CCC(O)C12,28.6865,33.144875,0.1554171674046645,35.530391792242284,0.19262078032408814,0.06714017695586288
O=C1C2CCC1NC2,24.0929,25.534172,0.0598214435831912,27.85793976980297,0.13515140749511356,0.08341491829635775
C#CC(C)(O)CCCC,41.6658,41.5718,0.0022560413592539,45.00378013301462,0.07417110569709441,0.07625981912788099
N=C(N)C1NC=C1CO,33.1981,34.853806,0.0498735030616869,33.612499327822256,0.01232872699470005,0.03692991288958596
CCCCNC1CC1O,41.4692,38.321594,0.0759022542445658,42.204550446898836,0.01742348725699714,0.09200326518782183
C=COC=CNCC=O,41.4692,34.28546,0.1732307007180932,37.08673555874267,0.11816797502481262,0.0755330852537736
O=COCCCO,23.4416,27.28289,0.1638663879523674,27.43030622005565,0.1454123839543325,0.005374209783624896
N=CC1C2COCC12,23.4416,25.81905,0.1014201178761294,28.566175815392018,0.17939313433164528,0.09616708351671671
O=C1CC2C3NC1C23,27.7235,23.029442,0.1693169392935202,26.417871473202666,0.04942216969000388,0.12826277380597326
C1=CC2=CN=NC2=NC1,27.7235,22.85788,0.1755052703059904,26.651682048499605,0.040215771355441916,0.1423475652154263
CCCC1CNC1(C)C,31.6108,40.58743,0.2839734852212173,42.88244938134921,0.2628499431343483,0.0535188501230385
CC#CC1COCC1O,31.6108,34.19245,0.0816699190482613,35.3190511650213,0.10499294411096229,0.03189783212911007
O=C1CCCC2CCC12,31.6108,31.02089,0.018661682645597,33.52186778361217,0.057009585383140104,0.07460735182646427
CC1CC1CCCC=O,31.6108,37.32956,0.1809115658626758,41.44117559636356,0.23721275892632174,0.09921570846374224
O=CC1OC=CCOO1,31.6108,28.06528,0.1121616373420906,30.712310803626153,0.029255017706702982,0.0861879400918807
Nc1c[nH]c2c1CCN2,27.1408,31.187405,0.1490967337944482,23.533833308155376,0.1532672830904547,0.32521568380414956
OCC1CC1C1CO1,27.1408,30.221205,0.1134971982288816,31.41822042875726,0.1361445801316651,0.03809940258938483
C#CCC1C=COC1O,27.1408,32.43473,0.1950543288991171,34.942120828848715,0.22326409055307925,0.07175840416585634
O=C1NCC2OC2(O)O1,30.9793,27.706032,0.1056598503091933,28.465438944141898,0.08831274517814684,0.02667820951688437
C#CC#CC(C#C)OC,41.2204,34.86415,0.1542015361089032,37.67878494475755,0.09399493801180044,0.07470078849103559
N=CC1=CC2OC1C2N,25.2505,29.506369,0.1685459154109804,32.28611849527701,0.217914658781489,0.08609735777571548
OC1C2COCOCC12,25.2505,29.690994,0.1758576765883968,33.36121836519609,0.2431181702181942,0.11001469805506353
O=CC1=CC2OCC2O1,25.2505,26.617146,0.0541235040228937,30.492721497703275,0.1719171408855101,0.12709837978860575
Cc1nocc1C=O,31.7451,25.15577,0.2075700077131736,22.478309488167202,0.4122547790665008,0.11911307268201105
CCC1N=CCC=C1C,31.7451,35.56543,0.1203439172502212,37.936078235801816,0.16319499863217643,0.06249059855545478
C1CC2CC(C1)C2,24.7326,24.533117,0.0080655776460411,27.97926632017094,0.11603829360708921,0.12316796590504324
N=CC1C(=N)C2CC12,24.7326,27.279778,0.1029886678657103,27.012482058405553,0.08440105775826379,0.0098952751182401
OCC1CC2CON2C1,24.7326,31.615307,0.2782848084814392,35.00720213685451,0.29349966605979405,0.09689135177368616
O=C1C=NCC2COC12,24.7326,27.242474,0.101480378217208,29.534927887912374,0.1625982601392367,0.07761840139283344
CNN(CO)C(C)(C)C,41.3984,42.06267,0.0160458293406738,45.550876174634645,0.09116127994365521,0.07657824541643136
CC(C)COC(=O)C=O,41.3984,35.597134,0.1401326226019699,39.03686684673,0.06049494603504075,0.08811498269662332
CCC(C)C(C=O)OC,41.2489,40.126022,0.0272220025535908,44.24373299210484,0.067689428300258,0.09306879672290837
O=CC12CCN1CC2,22.2963,27.487709,0.2328372440902821,28.787040672859767,0.22547439824126125,0.04513599322784053
O=C1CC2NOC12,23.764,21.130299,0.1108273601034357,22.191818557637202,0.07084509267591048,0.04783382465390086
O=C1N=CC2CCC12,28.1263,24.340034,0.1346165515953651,26.480304221209092,0.062159247304740824,0.08082498612288859
CCCC1=C(C#N)CN1,28.1263,34.408207,0.2233463676237992,36.01396607467076,0.2190168685758354,0.04458712132236173
OCCCC1C2CC12O,36.8115,36.966286,0.0042048192974044,37.475396613955425,0.017715532694541115,0.013585196154157346
COC1CCC(C)OC1,32.9571,35.989113,0.0919987758026012,39.36122974584406,0.1627014650506502,0.08567102114486393
CC1=NCC(C)=NN=C1,36.7063,30.276876,0.175158584504977,33.211016695073546,0.10524469446444064,0.08834841528681021
OCC1C=C2C=CCC21,21.2053,29.671606,0.3992542460537117,33.33063942381502,0.36378958320107607,0.10977987482594202
N#CC12C3CC1C2CO3,21.2053,26.46302,0.247943689771285,30.165714338881042,0.29703968678546516,0.12274512372838403
CCOCC1C2CCC21,32.4954,35.19143,0.0829664856620813,39.807636616280575,0.1836892927546975,0.11596284051670218
O=C1NNC(O)C1=O,27.5578,24.976711,0.093660913672595,24.0890137882194,0.14399868098697302,0.036850707944495624
O=CC1CCCC1=O,35.0551,27.776096,0.2076446410367068,28.925257484484646,0.21192006739450361,0.03972865185732751
C#CCN(C=N)C(=N)O,35.0551,33.36285,0.0482739975293471,33.31512393711101,0.052227812994889246,0.0014325644706915505
OCCC1=CCC2CC12,28.0522,33.32001,0.1877860252998344,36.27648137160655,0.2267111103571269,0.08149829475800717
N#CC1=CC(=N)N=C1,28.0522,23.428787,0.1648146230439925,23.636008812226326,0.18684166277215494,0.008767208282607134
N=CCC12CCC1OC2,28.0522,31.738552,0.131410445295052,32.9332727859759,0.14821098460807783,0.03627701363724335
CCC1C#CC(C=O)C1,37.0977,34.10105,0.0807772090839485,36.787414800105054,0.008434547564186622,0.07302401690094792
C1CC2CC3NNC23O1,23.1067,28.10668,0.2163865855523218,30.24218178184398,0.23594467599317834,0.07061335049331775
N=COC1=COCO1,26.9614,24.846933,0.0784256987816596,26.022858230168655,0.03606605245012178,0.04518816571829873
CC=C1OC1=O,33.5971,21.312798,0.365635797542445,21.29538839986512,0.5776702152195915,0.0008175291198252867
N#CC1CC=CCOC1,31.7551,30.56272,0.0375492646821211,32.31653591366966,0.017373022751246636,0.054269922938362046
CC12NCCN1C1NC12,31.7551,31.245926,0.0160344038179595,32.41906488946121,0.020480692201490795,0.036186697348034064
C#CCC1CCC1C,31.7551,33.381397,0.0512137340872632,36.09153373427719,0.12015099624759794,0.07509065018490182
CCNCC(N)CNN,34.3804,41.72017,0.2134870178177918,47.27381126293407,0.2727389841961693,0.11747817902908333
C.CC(O)=CNCC#N,34.3804,36.913628,0.0736823197086629,32.655906082365085,0.05280802539318244,0.130381374410376
CC1CCCNC12CO2,36.9848,34.410004,0.0696176899129,34.62833071904227,0.06805032850347302,0.006304858320017374
O=CC1CCC2C3C1C23,27.0766,29.578556,0.0924028888705013,33.583636746146354,0.1937561674851376,0.11925691003687768
N#CC1CC2CNC1O2,27.0766,27.995121,0.0339230554130602,31.407128260221768,0.1378836111452614,0.10863798918359543
CC1CNN[1N]=NC1=O,30.3861,29.08311,0.0428810933510331,30.469183969276376,0.002726819640465413,0.04549101054606593
N=c1ccc(O)ccn1,30.3861,28.93817,0.047651081271696,23.576005515253087,0.2888570110123596,0.2274416029160549
N=C1N=C=CCC2OC12,31.9099,27.678856,0.1325934617157655,29.900713614037688,0.0671952653671465,0.07430784571624999
C#CC1CCC1CC,31.9099,32.98537,0.0337033533789302,36.09153373427719,0.11586190171535357,0.08606350057457308
CNC(NCC=N)OC,31.9541,37.73744,0.1809889247985171,40.90910710757197,0.21890008706434133,0.07752960970846803
C#CC1(C)CC(=O)N1,31.9541,30.340244,0.0505054345698082,29.393307815095184,0.08712160608169793,0.032216046960815585
CCCN1CCCC1O,41.4359,40.658226,0.0187681210451903,40.50717000267375,0.022927545845956184,0.0037291175195965365
Cc1ccncc1C,24.7589,24.594553,0.0066378961191969,25.26867326588794,0.02017412075908714,0.026678102914013475
O=CC1C=C=CCC1,28.5974,27.164566,0.050103644385886,30.31626952280059,0.056697923255624914,0.10396079637800491
CC1CCN=C=C1C#N,22.403,31.127821,0.3894487777810084,34.37964990554412,0.34836451035566673,0.09458586444243354
COC(C)C=CCC=N,41.6492,37.596733,0.0972999939191696,40.059080077161575,0.03969436941076894,0.061467888738798174
O=C1C=C2CC=C2C1,23.1202,24.252817,0.0489882074519538,25.32252334501585,0.08697092762081804,0.042243276092245985
CCCC(C#N)=COC,38.249,37.326813,0.0241101010708613,39.925209514533826,0.04198373746601478,0.06508159997477132
CC1CC1CC1CC1,38.249,33.514015,0.1237936887826112,35.093789556093164,0.08990794336597983,0.04501578701177555
CC(CC=N)C(C)(C)N,42.1064,41.93342,0.0041082050727257,44.93343598242332,0.06291608733258623,0.06676578180214933
CC(C)CCC#CO,42.1064,35.682625,0.1525605414641353,38.09969309003792,0.10516375815661712,0.06344061838833857
O=C1C2=CNCCC1C2,24.5328,29.615324,0.2071726024092537,30.298826209656585,0.19030526693535357,0.022558702602107548
C1=C2CC2CCCO1,24.5328,27.696384,0.1289532556386404,29.11440398729331,0.15736554281835563,0.04870510101845786
CC1C(C=O)C2CC12,31.3894,29.430477,0.0624071456499969,32.305857669535406,0.028368157840292608,0.08900493213795421
CCCC1C2OCOC12,31.3894,33.38591,0.0636045937220746,37.95429018032962,0.17296832977611515,0.12036531729678482
CC1CCCCC1(C)C,39.0625,40.346977,0.0328826171875,41.96275349519502,0.06911494727168256,0.03850501601092574
C#CC1CCC(C)C1C,39.0625,37.76764,0.0331484375,40.98280550967053,0.046856370270146615,0.07845157181618176
CC1=CC(CO)C=C1,39.0625,30.327095,0.2236263671875,32.0528603472041,0.21868998825271244,0.05384122753820432
OCCC1C2C(OO)C12,39.0625,33.683144,0.1377115234375,36.71052097329451,0.06406825521262603,0.08246619478641583
CC(N)OC(C)C#N,40.82,32.530884,0.2030650713115507,37.40099356079502,0.09141485596224629,0.13021337395432284
O=CCCCC1CCO1,21.9406,33.302357,0.517841659752728,38.492901757409044,0.4300091965455186,0.1348442055660295
CC1CNC1C1CCC1,41.6393,35.118675,0.1565978479000945,37.03898069088857,0.12420210338679988,0.051845532870210854
O=CC1=NCC(=O)C1,35.1233,24.990616,0.2884889561992591,26.158796579462276,0.342695559151827,0.044657275265462155
O=C1CC2C(O)C2O1,24.3958,25.380611,0.0403680723599034,27.81927205092837,0.12306116582278152,0.08766085059536952
C#CC1=CC1C(O)CO,36.4823,34.461983,0.0553780127061402,35.96472529951215,0.01439117624776824,0.041783783610118135
OCC1NC1C1CO1,36.4823,28.97771,0.2057049384529771,30.11466485438258,0.2114463227934859,0.037754192513190774
CC(O)CC#CCCO,41.2075,39.304962,0.0461696982781502,41.2018709051322,0.00013662231214598919,0.04603938761664138
CCOCC1CC1(C)O,41.2075,38.940475,0.0550148525422026,41.05803349160769,0.003640371826937751,0.05157476653236498
CCCCC1COC1C,38.9814,39.90332,0.0236502617273879,43.45425804614889,0.1029325605191248,0.08171668797975452
CC1=NCCOCOO1,38.9814,30.042887,0.2293020072647778,33.09889733864747,0.17772503419574373,0.09232967211506347
NC1C2CCC1C2CO,28.9266,33.781174,0.1678238612921908,38.363397880954395,0.24598441228375437,0.11944259721658418
C#Cc1nc(N)no1,29.1881,24.882135,0.1475246627483339,22.501847794410875,0.29714236211525213,0.10578185522081236
C#CC1=CC1C,29.1881,21.283546,0.2708142548588669,24.339677125562815,0.19919832335594598,0.12556169540774653
CCC(=O)NCCNO,39.7115,37.582268,0.0536175223491817,40.313848515150205,0.014941478854935865,0.06775787020491632
CC1CCC1C(N)O,40.23,34.158646,0.1509160917255079,36.503413842446456,0.10208870254267116,0.06423420704065613
O=C1CCC2CCCC12,24.3746,30.594091,0.2551628094576023,33.52186778361217,0.272874645370566,0.0873393094475325
O=C1NC2NNC1CO2,24.3746,25.530144,0.0474077005486435,28.3054522877569,0.13887261887905358,0.09804854059715266
O=CNC1=CNC1=O,24.3746,24.300735,0.0030303892727342,25.51657989315242,0.04475442625674454,0.047649210758010076
O=C1C=CN=CC12C=C2,24.2809,25.30345,0.0421133331440476,26.067343026474358,0.06853184172472132,0.02930459869648149
NC1=NCCCCCO1,34.227,33.37665,0.0248443695352786,35.34692605791806,0.03168383174488776,0.05574108635895658
NC(C=O)CNNC=O,34.227,32.463684,0.0515182726493337,38.77636618356391,0.11732316953134835,0.16279715726017815
CCC1OCCC1C=O,35.6956,34.949287,0.0209076912966645,37.91217536310344,0.058466055874510287,0.07815136785811967
Cc1cc(N)c(C)cn1,31.5136,33.69259,0.069144394996203,28.184871762983033,0.11810336640909597,0.1954139895804175
N=CNC(CO)CC=O,31.5136,35.152256,0.1154630385599515,37.275868387603346,0.15458441712707827,0.05697016540356667
C#CC1COC1(C)C=O,31.5136,33.787918,0.0721694154530206,35.25332431530763,0.10608146573240396,0.0415678902279104
CCCC1CCC1C#N,31.5136,35.532684,0.1275349159147756,39.32227743068014,0.19858151513339434,0.09637268434822159
CC1C2CC1(O)C2C,37.5905,31.716076,0.1562741677493835,33.7924924045555,0.11239205294405846,0.06144608629920367
O=C1CCNC(CO)C1,37.5905,33.466026,0.1097211714089372,34.04271094772084,0.10421582046528176,0.01694004183763313
OC12C=CNC1C21CC1,30.4525,31.468079,0.0333495973493555,29.18507342392634,0.043427219032952845,0.0782251099016259
C#CC(O)C1CCC1=O,31.8282,33.805923,0.0621374586660277,34.32173744178221,0.07265184188334993,0.015028797497712779
CC1CC1CNC1CN1,31.8282,34.717438,0.090776033333353,37.964970403776356,0.1616429655682264,0.08554023272604273
N=C1CC1CC1N=C1N,31.8282,30.2597,0.049280173709274,33.464789734595726,0.048904826463135646,0.09577498499213107
CC#CC=C1CCC1C,38.5897,38.22887,0.0093504123679193,37.381592868958,0.03231823574979924,0.02266562406829873
NC1(N)OC1C(=O)CO,35.8488,34.295513,0.0433288379785048,35.52673823476747,0.009065334484249026,0.03465629821210436
Cc1ccc[nH]c1=O,25.3675,27.290878,0.0758205694648048,24.54887051520156,0.03334693073929873,0.11169587142921657
CC1=CC=CN(C)C=N1,33.5392,31.506498,0.0606067426536115,34.218845556673,0.01986173249320693,0.07926473007924338
C=N.CC#CC=CO,33.5392,31.263042,0.06786558862611,32.913204304619285,0.01901959133443775,0.050136786723852654
CC1=CCC(C)C2CC12,36.677,35.41857,0.0343111085375584,38.065575331905606,0.036478506361671555,0.0695380355826896
CCC1C=CCC1C,36.6085,33.574844,0.082867520921328,36.34216670138966,0.007328492568940783,0.07614633227918802
OC1CCC1C1CC1,33.8041,31.172373,0.07785230732387,31.61234347122405,0.06933230150340008,0.013917679707122791
CC1CC2CCC12O,33.8041,32.13579,0.0493522448885059,32.14996733833224,0.05145052386089194,0.0004409752017177078
CC1COCC12CC2C,38.1021,35.90937,0.0575487854379868,37.5744113596402,0.014043829863602458,0.04431317216664822
O=C1CC=CC(CO)C1,31.8487,32.5698,0.0226414682723754,33.512050304568426,0.049634393880749035,0.028116760866761285
O=CC12CC1CC2O,27.534,28.130209,0.0216535544823204,28.83113611581567,0.04499080822222999,0.02431146358575748
C#CCN1C(=O)C1OO,36.4643,31.382807,0.1393552933155415,33.3744005628304,0.09258291939513871,0.059674287155541364
CCCCCC=C1CO1,36.4643,37.497013,0.0283212098419828,41.31033128679086,0.11730797444222865,0.09230907058860076
C#CC1CCC(O)CC1,33.7895,35.701813,0.0565948813726343,36.9704600888426,0.08604058703079523,0.034315155553757
O=C1COC(OO)C=N1,32.6572,27.968065,0.1435865517606893,29.489549786619747,0.10741602487324202,0.051594032381941934
CN1C2=CCC2C1C=O,32.6572,30.744625,0.0585651834341973,33.975353378051736,0.038797341219216484,0.09509035394283212
O=CC1=C=C=CC1,31.4269,21.672592,0.3103808468832135,25.91771214172748,0.21256459012069717,0.16379224055401256
N=C1C=NCC(=O)CC1,31.4269,30.177893,0.0397432554615147,29.421302427526214,0.06816821170355031,0.025715740298632387
Cc1nnc2nc1-2,21.2365,21.276321,0.0018751400246186,13.408527470376091,0.583805533226412,0.5867753597109368
O=C1CN=NC(CO)C1,29.8957,30.772179,0.029317883505064,31.818100493685495,0.060418455654416156,0.03287190239068683
OC1OCC1C1NO1,24.6847,26.400787,0.0695202839619531,27.69729035138689,0.10876841428049805,0.04680975412896189
COCC1CC2C1N2C,31.253,35.21527,0.1267805009469091,39.56714522090212,0.21012749781376722,0.10998709147717738
CC1NC2C=C(C=O)C12,23.4342,31.67685,0.3517358973310108,33.44318853501435,0.2992833211622492,0.05281609237603129
C=CC(C)C(C=O)ON,40.6464,36.128532,0.1111504977152227,41.362467754008065,0.017312017219733654,0.12653828550886914
C#CC(O)(CC)OCC,40.6464,40.448837,0.0048605219583176,43.13400329323866,0.05767151442742622,0.06225172922123764
C#CC(O)C(C)C#CO,40.6464,38.208466,0.0599790983661068,37.95409036429001,0.07093595472500407,0.006702192919615487
C#CCC(C#N)C#N,37.1187,27.762054,0.2520736328761681,31.05134054959707,0.1953976653829735,0.1059305811400711
CC1NOCOC1=N,37.1187,26.7614,0.2790318566442703,28.64773647287419,0.2956939908724288,0.06584591682000131
OCCC1CCC2CC12,37.1187,34.83756,0.0614553110335789,38.19596737118745,0.028203693880000366,0.08792570531204325
COCC12CCC1NC2,28.3884,34.469322,0.2142044710018825,36.28755411252639,0.21768218624025737,0.05010621842651937
O=CC1CC2CNOC12,22.9906,28.951872,0.2592917049554271,32.414400695640744,0.2907288271076412,0.10682069146218708
C#CCC(CN)CC=O,42.1507,37.805256,0.1030930473303509,42.60487171672311,0.01066008882136453,0.11265415252592305
O=C1NC2C3NCC1C32,28.6417,26.51401,0.0742864607998824,29.474688338262492,0.028261141515825643,0.10044816434646049
O=COC1CC2CC1C2,25.6114,29.534822,0.1531904723673543,30.663332603312135,0.1647548447739971,0.036803260034111204
N=C1C=CC(O)=N1,21.9189,22.24916,0.0150673969314866,21.2319196761227,0.03235601558204247,0.047910897337336965
CNNCCCCC=O,27.0059,36.993477,0.3698294397770776,43.621597588475005,0.38090529707845766,0.1519458468945709
OC1CC2=CNCC1C2,26.8475,31.175621,0.1612113244329953,32.749674336703,0.18022085581743802,0.04806317524015619
O=CC1CCCN=CO1,26.8475,30.180454,0.1241439334817167,32.47683344364717,0.17333381511516582,0.0707082310728286
CCOCC=C1C=CC1,38.7856,34.34298,0.1145430409442591,37.80046127195461,0.02606155308417621,0.09146664235337865
CC1CCCC(C=O)O1,38.7856,34.003273,0.1233016116740773,36.80054963283901,0.053940780422193274,0.07601181669153265
O=C1C2CCC1CC2,23.6705,25.976143,0.0974057532921054,29.16149534417764,0.18829608287813568,0.10923144737890218
OCC1OC2CCC1C2,23.6705,32.02097,0.3527795944686061,35.77859286819177,0.33841724611132556,0.10502433346204658
CCCc1cc(O)on1,23.6705,33.09152,0.3980067342092312,30.744422234464967,0.23008798735970362,0.0763422303933851
Cc1cncnc1C#N,28.5878,27.382788,0.0421512776615279,24.455967141945436,0.1689498858938148,0.11967716676535169
CC1CC1=C1OC1C,40.3679,31.242777,0.2260489926221691,32.314184337686044,0.24923159372218479,0.03315594559001531
CC(C)C1C(C)C1C,40.4614,37.480007,0.0736848657824281,40.879228089466274,0.010221036672997792,0.08315277093850464
CC1OC1(O)C=O,40.4614,25.963783,0.3583073431922732,26.24760826647349,0.5415271208417881,0.010813376350028324
C#CC(N)C(C)C(C)O,40.4614,41.696842,0.0305338469159128,44.562897063023115,0.09203838469528972,0.06431482807255098
CC1CC2OC(O)C12O,33.1174,33.421284,0.0091759534843865,34.47729571665411,0.03944322454493484,0.03062919218876003
C#CCCC1C(C)C1C,33.1174,39.38481,0.189248292479699,43.20605697019941,0.23350098753880447,0.08844239067765536
C#CCC1OCC1N,37.5779,31.234005,0.1688198389381728,34.42231613535405,0.09167261878130709,0.09262337614985298
C#CC1=CC(OC)C1O,37.5779,32.99898,0.121851368069262,35.935348045973434,0.045708530551177275,0.0817125255672166
CC#CN1NC(=O)C1O,37.5779,31.864464,0.1520424556414183,31.37171021661277,0.19782758863113453,0.015706946799677404
NC=CC1NC2C3CC132,30.9664,29.62743,0.0432394478480481,32.909243303817604,0.059036401593354965,0.09972314688368723
CC1=C2CC(CC=N1)C2,30.9664,29.615475,0.0436255198884037,33.656589360659986,0.07993053995555635,0.1200690395974437
CC12CC1(CCO)CO2,34.8934,35.76792,0.0250626607826668,36.32294126644932,0.03935642920442004,0.015280185114358667
N=C1CC(O)C(O)CN1,34.8934,32.852585,0.0584871397207727,32.52249081478512,0.07290060280798151,0.010149720299553761
CCC1C2CC(C)OC12,34.8934,35.143097,0.0071559929335669,39.790938289019714,0.12308174925272337,0.11680652653275797
C=C=CCC=N,34.8934,24.544344,0.2965906461289453,25.42638125771733,0.37233055881317245,0.034689846296929075
CCCCC1=CCN=C1,38.3811,34.85328,0.0919155752761247,38.51680463010743,0.0035232577419298705,0.09511496774692894
O=C1C2CNC3C1C23,23.6864,23.355127,0.0139857751876719,26.417871473202666,0.1033948354231859,0.11593456635253162
O=CC12CCC1C2,30.1031,24.064577,0.2005947193923173,25.19805896476255,0.1946594792121392,0.04498290786396015
C#CC(N)C(C)C=O,30.1031,33.374466,0.10867206176051,37.08156792108596,0.18819236381635698,0.09997155268555859
CC1COC(=N)C2=C1C2,30.1031,28.78666,0.0437310695336143,32.1725891811796,0.06432460780589634,0.10524266984269674
CNNC1NCC1C=N,24.9682,33.66819,0.3484428193638871,35.640062781253384,0.2994344551734844,0.05532742165343724
O=C1COCC2CC12,22.9794,26.342834,0.146367375678053,27.855746571446417,0.17505711286320097,0.05431240435670933
CC1=CC=CNN=C1O,22.9794,30.134636,0.311376098822988,31.231590576977126,0.26422575426114747,0.035123237616522925
CCCC(C)CC(C)O,40.2301,42.10644,0.0466402394675313,48.17414643005718,0.1649026919779666,0.12595358464455053
C#CC#CCC(O)C=N,40.2301,35.191833,0.1252362411206099,35.15335137686296,0.14441720132773542,0.001094678647406935
CCCC1CC=C1CC,30.3097,38.10249,0.2571054636448248,42.840520819299236,0.29249926423990213,0.11059694720529159
CCC12CC1=CCCO2,29.9969,33.807686,0.1270393224650141,35.124026024100466,0.1459720483233463,0.03747691176396631
O=CC1CCOOCO1,29.9969,29.24471,0.0250755603998676,32.54652702115324,0.07833791358125977,0.10144913523360755
CC1CCC(C#N)C1,29.9969,30.238926,0.0080683648589651,32.738653530716746,0.08374667968993657,0.07635401157751953
N=C1NC=C2NC1C2N,27.5874,29.810394,0.0805800578202141,30.593027761023414,0.09824551477878532,0.02558209560482007
N=CCC1C2OC12,27.5874,23.308817,0.155091929294169,25.317429106221937,0.08966040288902007,0.07933712770734312
C#CCC#CC1=CO1,26.23,26.43732,0.0079039538402026,28.793264560012158,0.08902306144097318,0.08182276640086426
CCC1CN=C1C#N,26.23,28.105598,0.07150585016039,31.08381835595883,0.15615257753648346,0.09581256465513666
C#CCC1CC1C,34.248,27.93919,0.184209591483045,31.731161294842664,0.07931757308757562,0.11950307332303599
C#CCN1C2OC3C2C31,32.4848,29.642384,0.0874998899350018,33.85210501021928,0.04039054616563788,0.12435625521510262
OCC1CCC2NC12,34.3847,29.657219,0.1374879253532685,31.420413627113824,0.09434269096725663,0.05611621311032957
CC1=C(N)C=CCC1O,34.3847,35.043476,0.0191589894556685,36.49539351435173,0.05783451858168634,0.03978358292754868
N=c1cccc(F)cc1,34.3847,27.464727,0.2012515042523739,22.569584398601275,0.5234972604161446,0.21689112723325538
CC1NC(=O)C2(C)CC12,41.0918,34.15634,0.168779621415115,34.39846114256895,0.19458250849331973,0.007038720178947682
CCNCC1CC(C)O1,40.4339,37.930214,0.0619204695015159,42.15699629850781,0.04087331759375852,0.10026289037716439
CC1C(C)C1(C)N,40.4339,33.027267,0.1831787817634537,34.521064856357356,0.17128194533529129,0.043272067723665764
CC1CCC2(C)CC1C2,36.6599,35.860092,0.0218169672288812,38.88016013237144,0.05710522088418196,0.0776763295750148
OCCC1=CCCC1O,37.9319,35.678623,0.0594032147226241,36.98925437982547,0.025484309861857207,0.03543276018400375
O=C1CC2N=CNC12,22.9057,24.040545,0.0495441968543941,25.17674864683442,0.0902042070122493,0.045129085680301974
N=C1C=CC(O)=N1,22.9057,22.24916,0.0286627011354569,21.2319196761227,0.07883320723747948,0.047910897337336965
O=C1NCC1C=COO,30.3829,30.279823,0.003392589146439,30.95163504278118,0.018374959577905303,0.02170521983257445
CC(CO)C1COC1=O,30.3829,34.18721,0.1252122109149493,36.90328435181833,0.1766884564976952,0.07359980011330616
N#CC1=C2C3CC1C23,36.8716,22.988129,0.3765356354996969,26.211236089658136,0.40670969785160194,0.12296661930147734
O=CCCC1CC1CO,36.6857,36.362213,0.0088177918162764,39.0713552417589,0.06105893248384562,0.06933832279417357
CCCC=C=C1OC1=O,34.7257,32.339523,0.068715006020622,36.646842019112775,0.052423126066655897,0.11753588527126943
N=c1ncnc(O)o1,24.9424,23.286533,0.0663876228545412,18.897125615172943,0.31990443985688305,0.2322791028759791
CNC1CC(=O)C2CC12,24.9424,32.250984,0.2930184822589058,34.97875683245878,0.28692720214531675,0.07798369866385646
CC1C=NC(C)C1,37.4543,27.61224,0.2627751730069316,30.02319362624924,0.24751218895160304,0.08030303692080729
CC1=C2CNC2C=CC1,32.4864,30.39611,0.0643435242234299,33.20000869172677,0.02149423207544508,0.08445475776111726
C#CC1COC(OC)C1,32.4864,33.563705,0.0331617367370941,37.27638056120448,0.12849907874880073,0.09959860655217326
CC1C=C=CCOC1C,32.4864,34.369244,0.0579579030556223,38.33224947824372,0.1525047331636942,0.10338567478261362
CC1CCC2C(=O)CC12,29.4125,32.102142,0.0914455532166382,35.16439284983542,0.16357151037408973,0.08708385391189127
N#CCC1CCOCC1,38.8517,31.8751,0.1795700269967876,35.262377861461204,0.10178899882023053,0.09605925824880948
CC#CC(C)C(C)N,38.8517,37.167,0.0433623286266873,40.0547389925125,0.030034872845816886,0.07209481487452224
C#CCC(C=O)C=O,38.2273,29.898304,0.2178808342311462,33.06588542043502,0.1560948546798984,0.09579605627246955
O=CC1C2CCCC12,30.9044,27.17518,0.1206695345911693,30.663332603312135,0.007861748095242095,0.11375647417186993
C#CC(C)(C#N)C=O,39.6363,29.42363,0.2576595252144577,32.03341597693932,0.23734228121452788,0.08147073602197431
CC(CC=N)OC(=N)N,40.9345,37.16529,0.0920790327836047,37.948985040356504,0.07867179995640401,0.020651278012391954
CC1=NC(CN)C2CC12,30.8891,33.83318,0.0953112740052948,37.966757330536694,0.18641721938270797,0.10887359419583763
OCC12CC1C1OCC12,31.1662,30.698935,0.0149926986590052,33.233623372476394,0.062208786243530836,0.0762687939280069
CC1CNC(CCO)O1,35.5659,35.452133,0.0031987612091655,38.669256386905126,0.0802538418596547,0.08319589481411807
C#CC(O)C#CC=O,35.5659,29.855679,0.160553267080276,30.47276122235289,0.16713742284408098,0.020250289031905618
C#CCC1COCC1O,34.3242,34.09168,0.006774269483782,36.7763370463758,0.06667703320435645,0.07299957695597553
CC(CC=O)NCC#N,34.3242,35.819332,0.0435591251304542,39.42982432197792,0.12948635733921035,0.09156754776524458
CC1=CC(O)OCNC1,34.3242,33.096764,0.0357600873191554,34.52651892679534,0.0058598124886064615,0.041410341130154765
C#CCN(O)CC(C)C,40.2952,39.760853,0.0132608148434378,43.676860015448476,0.0774245221440457,0.08965862047004729
O=C1C=C=NC1O,22.6202,21.36222,0.0556130907701896,22.87978963040871,0.011345804948472827,0.0663279538371175
NC1C=C1C=O,22.6202,21.094082,0.0674670480958564,22.742226261493897,0.005365625163113694,0.0724706650326692
CCCCC1CCC1O,36.9845,39.75901,0.0750181918084984,42.39018646427547,0.12752212045189146,0.06207041496486235
C#CC#CC(C)C(=C)O,36.9845,36.01552,0.0261996731474924,37.888108164592126,0.023849387271243715,0.04942416645500733
C1#CC2NC2OC2CC12,31.416,28.285994,0.0996309658756746,30.22012921960413,0.039571994272615395,0.0640015535853313
N=C1NCC2OC12OO,27.4764,28.183086,0.0257197593303223,28.64091672520833,0.0406591987393818,0.0159851980158642
COCCNCCNO,27.4764,38.20043,0.3902997417321944,43.81245734687539,0.37286329816057306,0.12809204702770755
OCCCC1CC2CC12,33.5977,36.015705,0.0719693642315567,39.307593101451886,0.14526183495170503,0.08374687539264006
CC1CCCC(C)N1,33.5977,33.55062,0.0014012556599159,35.76120161427764,0.060498571541674886,0.06181508211388129
N#CC1=CC2(O)CC12,42.0706,26.251438,0.3760146482134996,25.90437768081579,0.6240729855925685,0.013397747803886983
CC(=N)C(C)(C)CO,42.0706,37.247116,0.1146521302556372,37.53708014191393,0.1207744406583168,0.007724738866680259
C1=CC2C=CNC2CN1,27.8256,29.141144,0.0472781826385818,30.424467615236438,0.08542031525754407,0.042180643272579546
O=C1C2C3CC(C3)C12,27.8256,24.890797,0.1054713407302285,27.72142704757733,0.003757849559616249,0.1021098243867178
CCC1=CC1C(C)CC,38.2046,40.42743,0.0581822398145446,43.9008409236255,0.12975243306922707,0.07911946219135552
NCC1CC2CCCC12,23.8007,35.346203,0.4850908943998201,39.09069316933578,0.3911415206453753,0.09578981250383906
Cc1coc(=O)cn1,23.2222,24.821014,0.0688485330544424,24.39052317926689,0.047900701870143524,0.017649921552279377
Cc1cccn1CC=O,34.7371,31.894695,0.0818261949908765,32.0548707870724,0.0836761823419774,0.004996925058172518
CCCC12N=CC1O2,34.7371,29.347252,0.1551611420616618,31.113574191542735,0.11646125212583923,0.05677014735333282
O=CC1CCCOCO1,22.0002,31.3965,0.4271006460754476,33.85227579388449,0.350111639939599,0.07254389066297667
CCCCC1CC1CO,29.1398,40.199757,0.3795481308147088,43.50181219453992,0.3301474460492143,0.07590615259367006
O=CC1=CC2CC=C2C1,29.1398,28.13292,0.0345534522706594,31.18473304358486,0.06557481318588777,0.09786240720161182
CC(O)C(C)(C)C(C)O,41.3317,42.106358,0.0187424561405142,45.727823441437586,0.09613673056334263,0.0791961035730358
CCCCCC1CC1C,41.3317,40.42804,0.0218636167691807,45.87163254914457,0.09897037225088332,0.11867012893671434
CCC(=O)NCCCO,41.3317,39.19593,0.0516738851545657,41.61111026279129,0.006714799509715171,0.05804171644396023
CC1CC1=CNCC=O,32.5559,35.151176,0.079717545902178,37.41926069505884,0.12996944901428897,0.060612760726144875
N=CC1OCC1CO,26.7465,29.165724,0.0904501075153451,30.390574553875382,0.11990805068246699,0.040303632684008904
C=CC(C)C(C)C=O,41.7891,34.822742,0.1667027415723668,38.12371525027697,0.09614447924763564,0.08658582272495054
C=CC(C)C(CC)NN,41.7891,40.45098,0.0320207628272271,46.36543979892397,0.0987015289571389,0.12756181812517242
CC1=C(N)N=CC1=O,24.6381,27.88877,0.1319366813910273,28.837198042429346,0.14561394058642732,0.032889049797205826
CN1C2CC23NC13O,33.1887,28.44038,0.1430703794835124,27.530051536904914,0.20554441954129596,0.03306671845037279
O=CCC1=C2CCC12,25.1693,27.128424,0.0778378298481045,29.770202551941885,0.1545472370876352,0.08873901839709067
N#CC1C=C1C=O,25.1693,21.30583,0.1534993026492173,23.139963869184744,0.08769832754655692,0.07926260730368904
CC1=NC1(O)CC1CO1,40.0433,33.186188,0.1712424364590175,33.549755830277626,0.1935496700057099,0.01083667589465779
CCC1=C2C(CO)C2O1,40.0433,33.73157,0.1576225936046788,36.52798788304478,0.09623612798521888,0.07655548649431076
C#CC1CCC(C)CC1,38.9275,37.07859,0.0474962329184662,39.34028044344726,0.010492564841794763,0.05749045044807209
CCC(CO)CCC#N,39.5285,38.403442,0.0284619354943269,42.787722667795364,0.07617191251565375,0.10246585689626435
CC1=CC(ON)C1=O,29.3913,28.323338,0.0363360057251077,30.845507837940172,0.047144882346579035,0.08176781692787977
OCCCC1C=NC1O,29.3913,33.74062,0.147979832788064,37.33917498670225,0.2128562023540358,0.09637478567707548
CC1=NN=C1C#N,28.2473,22.436653,0.2057062750348871,22.84535928123751,0.2364568073656433,0.01789012272497607
N#CC1=COC(O)=CN1,23.4299,27.158672,0.1591458919057986,28.280929269278886,0.17153005203928995,0.03968247502029491
NC12CN=C=NC1CO2,24.8765,28.814135,0.1582873232881764,32.08733627923023,0.22472530023932594,0.10200913066594858
N#CC1OCC2CC21,33.775,25.132017,0.2558988264805294,28.35031139516193,0.19134493901057495,0.1135188375994749
CC1=C(C=O)C2OC12O,33.775,31.238617,0.0750964635570873,31.523529067107503,0.07142191878642612,0.00903807649521027
C#CCC#CCOC=N,31.869,34.06752,0.0689861665443397,35.70470051762983,0.10742844673170934,0.045853360871111144
N=C1C=C(O)C1OO,31.869,27.038088,0.1515865623380516,26.788036840632834,0.1896728449940094,0.009334433906253235
N#CCC(C#N)C#N,31.869,26.115593,0.1805330271880834,28.810086076301076,0.10617510532935061,0.09352603352745766
C#CCCC(C)C=O,27.5387,33.25487,0.2075686713028648,37.496342373216045,0.265563032098002,0.11311696300932456
Cc1ccc(O)nc1,24.348,26.228966,0.0772533990174694,23.63233088970572,0.030283475364083753,0.1098763859736484
CC1NC1=C1CO1,34.5291,25.393112,0.2645880668011275,25.00773125765358,0.38073700665798765,0.01541046400314589
CC(=O)C1CCOC1C,40.2599,35.052906,0.1293344981885958,36.97424664438329,0.08886329415222388,0.05196429457678107
CCCCC1=CCC=N1,40.2599,34.73645,0.1371948217627838,38.51680463010743,0.045255451137035566,0.09814818924912692
CCC#CCNC(C)O,42.2146,38.69377,0.0834031031371921,42.27442951209577,0.001415264801590182,0.08470036268783367
CC(C)C(=O)CCO,42.2146,35.701065,0.1542957871571313,37.38506821479524,0.12918344183449845,0.04504480786606646
Nc1nocc1CC=O,25.7941,29.85569,0.1574619778337451,27.58683883167427,0.06498529398793997,0.0822439708358578
N=c1cc1C=C1CC1,31.7722,26.74284,0.1582943638390662,20.671762006273646,0.5369855743481131,0.2936894296617701
N#CC#CC1C=CC1,31.7722,25.313082,0.2032946493685358,26.831402911236758,0.1841423314728758,0.05658745896588571
C#CC1(CC)CCC1O,39.1541,39.467087,0.0079937169285512,38.61970968621522,0.013837243162279042,0.02194157648179429
CC1(C)CC(O)C1C=O,39.1541,36.85016,0.0588429132222104,37.91662698429703,0.0326366851201047,0.02812663122008984
CCCC1C=C(C=O)C1,39.1541,35.031734,0.1052856669786118,38.41006386651822,0.01937086426274727,0.08795428922634746
CC1=CC=C(C)N=NC1,42.1095,31.739574,0.2462609522228226,34.05799160051501,0.2364058484107218,0.06807264584797039
CCCCCC=CC=O,42.1095,38.93873,0.075298250216233,42.771570558064624,0.015479220178876346,0.08961187321520833
CCC(C)C(C)COC,42.1095,42.11049,2.348381247854893e-05,48.67418994488586,0.13487004000105826,0.134849700679518
CC1CC2C(=O)C2C1,27.3983,28.291132,0.0325871303426344,30.804020410400902,0.1105609061747982,0.08157663762462741
COCn1nccc1C,21.333,32.112007,0.505273854643664,33.76857599463598,0.36825882135543203,0.049056525063393926
OCC1C2NC3CC2C31,25.2055,30.01006,0.1906155147364445,34.34071776994803,0.26601708884321473,0.12610853969213887
CC1C(O)CC1C=O,25.2055,31.012074,0.2303693049868363,33.018630677754324,0.23662794359968028,0.06077043888758854
O=C1NCC1C=CCO,27.8845,33.27725,0.1933959146683053,32.82141188255716,0.15041741349283227,0.013888437190756518
O=C1CC23CN2C13,21.1772,21.195763,0.0008765386489878,21.48476267769044,0.014315386318407482,0.013451378636382865
N#CC12OC1OC1OC12,33.8628,25.81266,0.2377281200229999,27.554216793418565,0.2289516430054461,0.0632047285711471
CC1OC1CC1CN1,33.8628,30.649271,0.094898501855944,32.48448520898725,0.04242994100554254,0.056495099035139315
CC(C=O)CNCC=N,33.8628,36.877804,0.0890358683419632,39.64568874220801,0.14586425222199176,0.06981552925479226
CC1NCCCNC1=O,38.5336,34.380627,0.1077753784108726,33.997349997686406,0.13342951737774547,0.011273731697902148
CC1CC1CN(C)C=N,38.5336,36.580704,0.0506803481805083,39.29765045553178,0.019442649793945325,0.06913763097888538
CCOCC1CCC1=O,35.9761,35.150414,0.0229509726406255,38.06956149745309,0.054990428444865076,0.07667930447920669
N=C1NC1C1CO1,25.9175,22.692831,0.124420525149852,22.51051944334732,0.15135059700541773,0.008098949342839858
C=C(CC)NCOCC,41.816,39.84489,0.0471376842719911,44.992431268880416,0.07059923590031536,0.11440904889353644
C#CCC1OCC1C,41.816,31.816391,0.2391335615264268,34.785784961545936,0.20210022703887928,0.08536228131199175
CC12CCC(C1)C2O,39.5738,30.125572,0.2387495715703358,32.14996733833224,0.23091260353525656,0.06296725956292232
O=C1N=CC2NC12,21.8474,21.021908,0.0377844591852355,20.81637620739989,0.049529456151623394,0.009873562552498714
CCCCC1C=CC1=O,35.8521,34.777737,0.0299665385341902,38.10512211970198,0.05912648994075976,0.0873212034132697
NC1C=C(C=O)CCC1,23.0901,33.170406,0.4365639967584694,35.82334357979745,0.35544542489267683,0.07405611298922903
O=CC1CC2(O)CN12,23.0901,26.83058,0.1619949570461119,28.05974538447837,0.17710942549134448,0.04380529358467725
OCC1C2CCC3NC312,24.1825,31.36834,0.297150399610223,33.23581657083297,0.272396393557484,0.056188677261861636
CNC1=CC1C(C)(C)C,38.1712,39.91642,0.0457208571622101,42.57838216790767,0.1035075064742471,0.06251910082938875
CCCNCC(=O)C=O,38.1712,36.203316,0.0515541629588987,39.55047366461494,0.034873758436146166,0.08463002726588276
CC(C)(C#N)CC1CO1,38.1712,36.39956,0.0464130281207796,38.52075241823959,0.009074392276773818,0.05506622495865897
CCCCC1OC1CC,38.1712,39.82823,0.0434105244667036,44.56588377641334,0.1434883196414417,0.10630673903342988
C#CC1CC1C1CC1,32.3132,30.797316,0.0469122340859407,31.89731464118915,0.013038256150685988,0.034485619042322745
C1CC2CC2C2(CC2)O1,32.3132,32.165314,0.0045766522441874,32.84929293059334,0.016319770770288476,0.02082172459658438
O=CNCCC(O)=CO,33.1618,35.908585,0.0828297798891062,36.76535633287835,0.0980149981480195,0.023303767958102344
CC12CC13CCOC2C3,32.596,31.103165,0.0457981140983075,33.386916797701545,0.02368942309030457,0.06840259648829762
C1=CN2CC2CCCC1,32.596,32.297653,0.0091528654361826,34.0944042501756,0.043948685513925244,0.052699300360009936
CC#CCC(=N)C=O,33.6702,30.822424,0.0845785313144406,30.899185381493986,0.08967921271366656,0.002484252595861568
CC1(C#N)CCC1=O,33.6702,29.705845,0.1177407654498521,28.45560891617385,0.1832535406002939,0.04393636725571979
O=CC12CC1C2OO,29.9511,26.411388,0.1181830250903373,28.072985006304112,0.06690115045742859,0.05918846912542369
C=C(CC)OCNCO,38.9142,38.208183,0.0181429069960523,42.62261091427576,0.08700571914128534,0.1035700962372819
C=CC#CC=O,40.6905,21.467493,0.472420022923017,22.62856936649693,0.7981914517426336,0.05131019763962531
CCCCCC(=O)C=O,40.6905,36.825718,0.0949799602849463,40.84773541225602,0.003849305491947643,0.0984636570831598
CC1CC=CC(O)CC1,40.6905,36.08972,0.113067628078114,37.22109305595507,0.09321077537484757,0.030396019113524204
C#CC(C#CO)C=O,39.7733,29.570879,0.2565143203469678,30.47276122235289,0.30520827140616397,0.029596340671987575
CCCC1CCCC1=O,39.7733,35.784634,0.100285024464286,38.82771260696463,0.024353414856216768,0.07837388305019001
O=C1NC=CC2=CC12,23.4458,22.785305,0.0281711426697591,24.10423755269498,0.027316257203968845,0.05471787065704198
CCCC1COC1C=N,35.0875,35.63726,0.0156682703815239,38.23239307817901,0.08225729087238186,0.06787786139550267
CC1CC(C)NC(=N)N1,26.4031,35.78692,0.3554059424892047,35.958575949619785,0.2657356610286127,0.00477371378277838
C1=CC=CC=CC=C1,26.4031,27.432968,0.039005576604582,26.442842186097412,0.0015029468397428274,0.03744400117560568
CC1=CCC=C1CC#N,34.2065,32.293053,0.0559381207273516,34.37167970125391,0.004805691857063538,0.060474981709377436
CC1CC(C(C)C)O1,39.7358,35.913708,0.0961876259404793,37.93095425051176,0.04758239767890591,0.05318205909582526
CN1CNC2(C)CC=C12,30.1968,34.056877,0.1278306686877572,34.88572782707858,0.13440819839908857,0.023759023494852295
CC12CC1C2CC=N,32.1422,30.512877,0.0506911004654281,31.52117418549592,0.01970186170253266,0.03198793228838142
CC1CC(O)N2CC2C1,32.1422,34.427322,0.071094149986476,36.84385024554456,0.1276101768466263,0.06558837443534521
CC1CCCCC(C)C1,40.0405,38.873844,0.0291368952253714,41.42512962808683,0.0334248713406084,0.06158787313382413
OC1COCC12CC2O,33.0349,28.830368,0.1272754558968791,32.834770650430855,0.006095043321599067,0.12195616327164172
O=CCCCC1CC1O,33.0349,36.331055,0.0997779526349406,39.0713552417589,0.15449823033799515,0.07013578681371432
O=CC1CC=CCCC1,33.0349,32.761353,0.0082805596789304,34.62955712181989,0.046049018652193734,0.05394825337349602
CC1CCC(=O)C2CC12,24.8091,33.000866,0.3301919834366944,35.16439284983542,0.29448234451412936,0.061526068687562926
O=C1CCOC(=O)C1,26.062,25.362371,0.0268447761222412,26.80849222048228,0.02784536386242346,0.05394265401384308
O=CC1C2CCCC12,26.062,27.433264,0.0526154469605756,30.663332603312135,0.15005976887245176,0.10533977650437233
C=C1CCC(C)C1C,38.6489,33.454468,0.1344005192013873,36.909383214999615,0.04712939186405749,0.09360533593516057
O=CC12CC=C1N2,24.5769,22.28959,0.0930674399305327,21.975017390806965,0.11840184528279399,0.014315010705048817
CCC1=CCC(OC)C1,38.7905,36.40149,0.0615875212278135,39.85911824925882,0.026809881808629567,0.08674623025117
C#CC1OC(CC)C1O,39.6338,35.822113,0.096172634541493,38.418862112599065,0.03162347400712083,0.06759047430890688
CCC(=O)C1(NC)CO1,39.6338,36.214573,0.0862704836151431,36.795335158156014,0.07714197546084359,0.015783581143091766
CC1CCC(C#N)N1,30.3033,29.809666,0.0162897875831463,31.435097956342073,0.03600427642738524,0.05170755181356576
Nc1nc2noon1-2,23.4677,21.746277,0.0733528698820613,19.426964112158327,0.20799626048172845,0.11938627540831945
CC1CCC#CCC=N1,32.4108,32.558838,0.0045675481822416,34.67090410316538,0.06518734257521229,0.06091753756639269
N#CC1C2CC(=O)NC12,26.6401,28.023853,0.0519424965372484,29.53473361752519,0.09800777806262609,0.05115606042333398
CCCC1=CCC2CC12,26.6401,35.009476,0.3141645755086434,38.64630172621122,0.3106688399647879,0.09410540113194334
CC1CC1CC1CCC1,34.8496,37.409424,0.0734534636875314,39.45416199552767,0.11670662263843339,0.05182566026264733
CNCC(C)=CC1CC1,35.5219,38.439697,0.0821407994962262,40.62960917151626,0.1257139626904671,0.05389941513519436
CC1COC2(O)CC2C1,28.5546,33.365593,0.1684839905494375,35.20459100503551,0.1888955620613324,0.05223744837065345
O=CC1CCC2C(=O)C12,28.5546,28.514423,0.0014070107666951,31.84556162731885,0.10334129653080713,0.10460291661055897
CCC(C)(N)CCC=N,37.9097,41.72603,0.1006689169891297,44.984741608361496,0.15727647543153672,0.07244037626651133
CCCC12CCCC1C2,28.4622,37.69976,0.3245553905534962,39.460886526677044,0.27872375647824127,0.044629674639632286
CC12CC(=N)CC1CN2,28.4622,32.968258,0.1583172735787372,33.07463696205579,0.13945540709478738,0.003216330452178017
C1=CC23CCOC(C2)C13,25.3314,28.516825,0.1257500462781386,31.015076713066236,0.18325528470067529,0.08054959000032895
C1=C2CCCC3CC3C12,29.0676,30.991842,0.0661988698722103,33.34045690285876,0.12815831874494762,0.0704433928335692
CC1NC=C1OC=N,29.0676,28.231785,0.028754186084966,28.973325267479726,0.0032538457926363173,0.025593895786344148
O=CCC12C3CC1C32,25.1018,26.041847,0.0374493952228089,29.22998883786118,0.141231283417871,0.10907092218015575
CC1CCC(=O)N1,33.4846,25.156916,0.2487019207434805,26.58016069319204,0.2597591258572185,0.053545375801906804
CC#CC1CCNC1=N,33.4846,33.738686,0.0075881332884417,33.18909712204156,0.008903613041108958,0.016559319945870076
CC1CCCC2C(=O)C12,33.6995,32.694702,0.0298164023668748,35.16439284983542,0.04165841441059542,0.07023271695268249
COCC(C)NCC#N,33.6995,38.32348,0.1372120861950613,41.99050443498297,0.19744950784815046,0.08732984955350777
C=C1C=C(CCC)C1O,36.2828,35.8039,0.0131990454881299,39.203700760777465,0.07450574063405177,0.08672142412072742
CCCCC=C1C=CN1,29.7692,35.20089,0.1824600455303583,38.366682537355906,0.22408720193581827,0.08251410671937862
CC1CCC(C=O)C1,40.027,30.7483,0.2318110137565102,33.745925966135715,0.1861283652482196,0.08882926991376246
O=CC1CCC(O)CN1,22.5579,33.693928,0.4936642047749381,34.43292247659091,0.3448740804578554,0.021461857531649055
N=C1CC=COCC1,22.1854,27.415596,0.2357494572241555,27.780299536229744,0.20139809971930436,0.01312813548875219
N#CC(=CN)CCN,35.0294,32.75939,0.0648029431087039,35.59605053222706,0.015918915827867988,0.07969031647651115
COC1C=CC1CC#N,35.0294,32.82948,0.0628021257135636,35.618284373377065,0.016533204328539337,0.07829698769718298
CC1CCC1C1CC1O,36.2619,36.588795,0.0090148257055464,37.61524097688185,0.03597852736643665,0.02728803405812823
CCC(N)=C(C=N)C=O,38.2679,36.232086,0.0531989949372547,37.24761322723115,0.02739200406062348,0.027264222838544464
C#CC#CC(O)CC=O,40.8495,34.23065,0.1620300895857048,35.944759392051836,0.1364521752518034,0.04768732413412302
O=COC1CC=CC1O,31.0474,30.960974,0.0027836875350585,29.541889394003963,0.05096189298920082,0.04803635228165416
CC1=CN=CC=CC1O,30.5583,29.794903,0.0249816645064132,32.62041593340562,0.06321550091867055,0.08661793090480156
COc1ccc(O)nc1,30.5583,29.467468,0.0356967415818697,27.2345522196287,0.12204157988600163,0.08198834195489271
CC1C=CC(CCO)C1,37.5495,36.574196,0.0259738249026909,39.44434451648396,0.04803843338535119,0.07276451292743655
O=C1C2C=C(CO)C12,41.2101,27.250591,0.338739986603377,27.62633978647978,0.491695979941869,0.01360110638556863
O=C1NCC2C3CC2C13,22.2575,27.205914,0.222325667469445,30.778243912637173,0.2768430823026475,0.11606672306506798
N#CC12CC(=O)N1C2,33.3187,24.568203,0.2626302054878459,24.601624822012983,0.35432924617999917,0.0013585209210684986
CC(=N)CC1NC1=O,38.4608,29.000214,0.2459799686161786,29.084233587114124,0.32239345021077664,0.0028888362095726406
N#CCC=C1CCOC1,31.8691,30.831707,0.0325516879757375,33.64935043806198,0.0529059377041726,0.08373544812546638
NC1CC2CC3C(=O)C123,27.1662,27.489977,0.0119183722027582,32.25595452792815,0.15779271152931743,0.1477549679641824
CN(C#N)CC#CC=O,42.1031,32.138336,0.2366752998795664,34.772513773655795,0.21081553879196305,0.07575459717414758
O=CC#CC#CC=O,38.7759,25.463707,0.3433110006417686,27.006144368760207,0.4358176965407416,0.05711431249491679
COC(C=N)(CO)NO,38.7759,36.71087,0.0532555315170191,37.441531137926994,0.03563873649177066,0.019514723776530043
N#CCC1C=CCC=C1,29.5903,30.498367,0.0306880061902148,32.89969419913826,0.10059042430932211,0.07298934709250761
CCNC1NCNC1=O,29.5903,33.42167,0.129480573240138,34.92333971057418,0.15270703646247874,0.04299902938891908
C#CCC=C1C=CON1,29.5903,30.743937,0.0389869835282606,32.75283311945624,0.09655754382901292,0.06133503358715228
CC12CC(N)C13CC23,29.5903,31.3475,0.0593843201120674,31.61134937102964,0.06393429610701276,0.008346665874106766
C#CC1C=CN=NC=N1,28.982,27.53815,0.0498188259142393,29.654182008318326,0.022667359636821958,0.07135695085855863
C#CC1CC1COCC,41.7519,36.839005,0.1176687883281584,40.805380794464604,0.02319594100354025,0.09720227375019759
NC12C(O)C1(O)C2NO,25.2867,33.42178,0.3217137717680978,33.401743158320365,0.24295268423135905,0.0005998741318577722
C#CCC1CCC(C)C1,36.6998,36.960297,0.0070980395222691,40.45190617371171,0.09275474331417471,0.08631507150040783
NC1NCNNOC1=O,22.7178,29.241987,0.287183936313972,31.71539759225196,0.28369808595589113,0.07798768989281757
O=CC1CCC1CO,26.6418,30.50608,0.145045778717707,32.4877313417955,0.17994273839228364,0.060996913602462136
N=CCNCNC1NN1,26.6418,31.154964,0.1694016337868118,34.917233601184314,0.2370014101261341,0.10774821522678438
CC(=O)OCCCC=O,41.9522,35.347015,0.1574454884163553,39.088172472668184,0.07327094991034544,0.09571072874497095
NCC1N=C2CC(=O)C21,30.0984,29.8867,0.0070336072178697,33.14608884888561,0.0919471634430279,0.09833404066903033
CC12C=C1C1CCC12,34.0956,28.315376,0.1695299017545289,29.517708330532397,0.1550896708580978,0.04073257710486736
CCCC1C=C1C=O,34.0956,30.561832,0.1036429208467216,34.049691427083694,0.001348281614082033,0.10243439164648033
CC1=CC2OC12CCO,34.0956,33.802685,0.008590997549961,35.50835646598351,0.039786591286952784,0.048035776243756094
Cc1cc(C=O)oc1C,25.2484,31.98014,0.2666204862896325,26.60495171689565,0.05098869305724623,0.20203713730819522
N=CC1CC(O)CC1O,28.6397,34.816593,0.2156759033846728,34.217774747395296,0.16301687612868238,0.017500210256959626
OC1CC2CCC(C2)O1,32.0684,31.608074,0.0143544988763884,34.66696713792734,0.07495801774607452,0.08823653727068502
CC1CCCC1C=O,32.0684,30.606998,0.0455713897917102,33.745925966135715,0.04971047372708421,0.0930165012892416
O=CC1=CC1OCOO,29.5469,29.299702,0.008366302702692,33.41231556262603,0.11568834717189608,0.12308675688512496
Cn1nc(F)ccc1=N,32.6886,29.89862,0.0853502259053997,24.427960045572885,0.33816331527544824,0.2239507492324793
O=CC12NC3NN1C3N2,22.5287,25.358795,0.1256217698320642,27.796678092569948,0.18951826096004176,0.08770411645777175
O=CC1=CCC2CC1C2,26.7876,29.395313,0.0973477751996988,33.10421904316577,0.1908100908506346,0.11203726142367515
N=C1N=CC(CO)=N1,32.1065,27.003664,0.1589346700286971,25.856942940380193,0.2416974455963243,0.04434867115822108
CC1OC12NCCC2O,32.1065,33.932938,0.056886849144887,33.90103543066086,0.05293453158182439,0.0009410499984400108
CCCCC=CCNC,32.1065,41.482643,0.292032551895766,45.90476576320456,0.300584602356575,0.09633254172378664
CCC1N=CC1CC=O,32.1065,33.728313,0.0505135547644534,37.648358743130565,0.14720054016011397,0.10412261979005469
C1COCOC2CC2C1,34.2325,31.78299,0.0715551156955196,34.08851365357749,0.0042238962920402206,0.06763344618094058
O=C1CC(O)C=CCN1,34.2325,31.565899,0.0778967678298789,31.096868999929313,0.10083429942988202,0.015082868956091835
C#CCCCC(N)CO,34.5906,39.6552,0.1464155278674539,44.665508314899476,0.22556349843529477,0.11217399071283247
O=CCC1CC1COO,34.5906,33.26493,0.0383245527658481,37.20157840198291,0.07018461350671441,0.10581939183991929
CCCC1=CC1(C)CC,37.8613,41.180904,0.0876780350497139,43.37814468640743,0.12718028228939302,0.05065317344233811
CC1CC1CNOC=O,30.5376,34.156616,0.1185101714259633,34.6719156790235,0.11924105138282734,0.014862163481069364
O=C1C2CC(O)OC1C2,30.5376,29.424412,0.0364530358089162,31.488823722499536,0.030208296469958703,0.06556014097866929
O=C1CN=NC(=O)C1,30.5376,23.90904,0.2170622298068674,23.895254196940126,0.27797761632142215,0.0005769264033039791
CCCC12CCCC1C2,42.0693,36.243576,0.1384792223829564,39.460886526677044,0.06610123854058801,0.08153163321614743
Nc1nnccc1C=O,20.9706,28.82395,0.3744933294155995,25.099770751172517,0.16451029740897635,0.1483750304234755
Cc1nccc(N)n1,28.5248,27.249283,0.0447160773462368,24.05822953425459,0.18565665687850458,0.13263874888224517
CC1CCC1C(=O)O,38.4809,30.533287,0.2065339675439024,31.696902987126386,0.21402712484651626,0.03671071547901648
O=C1CC2OC2NN1,29.1205,23.617485,0.1889739171241318,25.248635422697056,0.15334945879183484,0.06460350808625279
CCC1N=CC2(C)OC12,29.1205,33.53402,0.1515605662751273,36.00484596693607,0.1912060941257211,0.06862481703726979
O=CC1C=C2C(=O)C21,21.8485,24.763618,0.133424192472631,25.565703188303427,0.1453980420927395,0.03137348432764362
C#CC1CC(O)C(=O)O1,34.0446,30.96207,0.0905438611383923,33.17738866854691,0.026138625318490854,0.06677194189930608
CC(C=N)OC1CC1C,34.0446,37.039665,0.0879747514192549,38.728685115460515,0.12094614370449211,0.04361160494927976
CC#CC1CCC1C=N,27.888,34.942574,0.2529608988584079,34.88438105465175,0.20055912827264555,0.0016681661989956145
N=CNC1C=NC1=N,27.888,25.330017,0.0917234262104221,25.585723214660675,0.08998286919715122,0.009994097587757574
C#CC#CCCCC,40.0581,33.548035,0.1625155794216713,37.32434415567676,0.07324323859304722,0.10117549929145678
Cc1cn(CCO)nn1,21.5774,32.230545,0.4937177344789136,32.42155757436581,0.3344736769506649,0.005891529854100495
C#CC1CC(=O)C1,36.1486,25.314846,0.2997005129156216,25.79886708292715,0.40117005463088606,0.01876133092865381
C#CC1CC(CC)C1O,36.1486,37.5188,0.0379046167244374,39.7246108853303,0.09002003558078564,0.05552756430258386
OCCCC1=NC(F)=C1,36.1486,31.558228,0.126986175424152,34.214501161396726,0.0565286288839852,0.07763588745212294
NCC=CC(N)=O,27.0523,27.830807,0.0287778389333896,30.162707847562782,0.1031209751883769,0.07731072619036108
COC=C1NCC1CO,27.0523,35.3012,0.3049241974508349,36.49220089646119,0.2586826956051484,0.03263713525639082
O=CC1CCC2CCC12,30.1107,31.479397,0.0454554965533301,35.023705042746656,0.14027656516494472,0.10119740439855825
N=CN(O)CC#CC=O,37.4543,32.09607,0.1430604940971398,32.61855783928123,0.14825125575893125,0.016018115879176658
CCCC=C=C(O)CO,38.8633,37.834095,0.0264826970118157,41.42853414345125,0.06191950056858926,0.08676240223718944
N=C(N)NC1CC1=O,38.8633,28.852234,0.2575969131103445,28.727058587655822,0.3528464768300288,0.004357404429772202
N#CC1CC2C(=O)C12,33.5141,24.878248,0.2576781648702582,26.47791675246535,0.26573779626675165,0.06041520439165241
Nc1nnc2c(O)c1-2,24.2451,25.352177,0.0456618725540321,15.535358496730419,0.5606398787065415,0.6319016394334019
NC1=NC2OCC(=O)C12,30.3877,27.96364,0.0797710845831472,30.72871434588993,0.011097579353675209,0.08998340492757279
OC12NCC1C1CCC12,30.3877,30.721983,0.0110006007671728,32.124190840568495,0.054055551132374174,0.04364959253067615
CC1OC1C1CCO1,38.9469,29.222477,0.2496841350857573,31.370666280366237,0.24150694320367216,0.06847764281343012
CCCCOC(=O)C#N,41.6054,34.077194,0.180942997450639,38.080900037249215,0.09255295855148547,0.10513685425851152
CCCCC1CC(C)C1,34.0175,40.464294,0.1895140569881311,44.76000681888015,0.24000234991807176,0.09597212163667901
C#CC1(C=O)CC1C,34.0175,31.134129,0.0847614148436351,32.198700648604344,0.05648673128909288,0.033062565481209456
NC1C=NC(F)=CN=N1,32.1126,26.615946,0.171168145337343,29.443079252659974,0.09066717256140437,0.09602029829826857
CCC1C=CC(=O)C1C,39.9433,34.504494,0.1361631684568149,37.524395725396374,0.06446217794698612,0.08047835726645731
CCCCC1C(C)C1C,39.9433,41.72885,0.0447021482541345,46.402531885103414,0.1391999880760174,0.10072040673719795
O=C=CCCCCC=O,35.432,35.100685,0.0093507247790442,39.8901502484,0.11176067827868894,0.12006636271298841
NC1=CC2NC1C2N,26.0377,27.868402,0.070309684844633,31.674709665712637,0.17796563015744413,0.12016866787047156
CC1C=CCC(=O)C1O,39.7686,33.319294,0.1621708087327671,34.042949640527254,0.1681890206322341,0.021257136886451276
COC(=O)CC#CC#N,39.7686,31.442722,0.2093580784700331,33.42713924099072,0.18970994536178953,0.05936545232555489
C#CC1=CC(CC)C1,30.292,30.82143,0.0174775586392059,34.17204773469628,0.11354449007036548,0.09805141795158677
O=C1NCCC1C1CO1,38.0763,30.532642,0.1981195030897973,30.91256343650625,0.23174191225544644,0.012290195126864897
CNCCC(O)C(C)O,38.0763,41.210464,0.0823127372549081,44.50706432781142,0.14448862051305827,0.07406914784427718
CNC1CCCC1C=O,28.4531,35.410778,0.2445314586338324,37.92066238819359,0.24966764270292047,0.06618777811684615
COC1C=CC1CO,24.262,32.011925,0.3194264588101699,33.21419523727345,0.26952919296467454,0.03619748209115865
COC(C=O)NCC=O,31.4514,35.24055,0.120476385625856,38.56731991762091,0.1845064664285821,0.08625877879839272
CC1CC(C)C(C=N)C1,31.4514,37.391502,0.1888660721103383,38.957415456604636,0.19267231587695344,0.04019551703446376
N#CCC1CC1CC=O,31.4514,32.92177,0.0467504845086884,36.003446208163545,0.12643362476593697,0.08559392315796684
CCCCC(C)(C)CN,39.6988,42.22789,0.0637069638036524,50.2066065763314,0.20929131229683698,0.15891766284186112
O=CCC1NC2CCC12,31.0927,31.797237,0.0226592543021427,34.83177519863642,0.1073466734702283,0.08711982611656316
C#CCNCCC1CO1,31.0927,35.388687,0.1381670660247923,39.54124777790943,0.21366416723524326,0.10501845569550673
O=C1CCCNC=NC1,21.3044,28.82558,0.3530341430372987,30.977189382869255,0.31225522959221147,0.06945786321270069
CC1Cc2cnccc21,21.3044,28.353802,0.3308894748171702,26.546452342498878,0.19746715210253327,0.06808253073453785
O=C1C2CC3CC1C32,21.3044,23.995026,0.1262943633599455,27.72142704757733,0.23148256532984415,0.13442313201199332
N=C1NC2CC1C2OO,31.799,29.041399,0.0867197395491935,31.051566697054657,0.024070711479309646,0.06473643396696405
O=CC1CC2C(O)C12,31.799,27.55045,0.1336064224869369,29.936037314930747,0.06223143916713688,0.07968948227295675
O=CC1CCCOCC1,24.9,32.86552,0.3199004207748965,35.15802456661574,0.2917690823948122,0.06520572742282527
C#Cc1cnc(C)o1,24.9,26.166513,0.0508639936945046,23.712291526044226,0.05008830431471636,0.10349997052204744
O=C1CCC=CCCC1,28.7835,32.65399,0.1344691124852346,33.12771986268539,0.1311354925932786,0.01430010470533444
CC1=NN=C(NCO)C1,28.7835,32.433365,0.1268040671969726,34.44837717632522,0.16444540035454633,0.058493674927306574
C=CC(C)C(N)CC,40.0871,39.47399,0.015294411567737,42.19070337686611,0.04985940523616758,0.06439127958117263
CCCC12CCC1OC2,35.5827,35.084522,0.0140005607411902,38.15513775394579,0.06742048136570436,0.08047712404414638
Cc1cc(=O)c1=O,35.5827,23.702635,0.3338719430678007,20.14812645224099,0.7660550267214692,0.17641881274591945
OC12CCCC13CC23,35.5827,27.757534,0.2199149017050531,27.962472776393586,0.272516214304178,0.007329064851753708
CC1CCCC(C)NC1,35.5827,38.066128,0.0697931235431714,40.12157405371216,0.11312801555681257,0.05123044402396731
CC1NCCCC1C=O,33.6361,34.774384,0.0338411273875947,36.80274283119556,0.0860436638029973,0.05511433863772345
CC(C)C1CCC1C=O,33.6361,37.209717,0.1062434942479954,40.27824424016093,0.16490649891680564,0.07618324229488987
N#CCC1CCCCC1,24.413,33.603954,0.3764778730670358,36.56812663419244,0.33239675512463857,0.08105891406044397
CC1CC1C1OC1C,35.4399,30.989788,0.1255678471039726,34.31894011932074,0.03266300989429988,0.09700626265688518
CCC(CC#N)CC=O,35.4399,36.275303,0.0235723827370531,40.727086069619006,0.12981989579566464,0.10930767455371379
CC1CCC(C)CC1,37.3389,35.769657,0.0420270244969786,37.06475718865231,0.00739632017423887,0.034941553294427406
CC(=O)C(C)C(=O)C#N,38.9895,32.967205,0.1544594045164102,34.42077167939771,0.13273172266898559,0.04222934607441504
CC1=NCC=CC(=O)C1,41.0838,31.509338,0.2330471285785089,32.0037840238863,0.28371694951249365,0.015449611318376081
C1=CCCCNC=CC1,27.1696,33.25148,0.2238487170418064,33.16809148621143,0.18085127052622585,0.0025141185414070703
O=CCCNC1OC1O,27.1696,33.08313,0.2176524454836472,36.46834472138655,0.25498126642236607,0.09282611391466099
CC1(C)OC1(C)C,32.9102,33.708054,0.0242433527862846,32.47388371070294,0.013435913399950277,0.03800501043520979
CC1=C=C=NCC2CC12,32.9102,30.807373,0.063895903188829,35.67024504107131,0.07737667733690493,0.1363285291556624
O=C1N=C2C3CC1C23,23.0561,23.403742,0.0150780850424768,24.954966142554962,0.07609171383794754,0.06216093957786241
CCC(C)(C#N)C#N,41.7104,32.315155,0.2252494574663183,34.22261845642434,0.21879627805539922,0.055736923194615234
CC1CC1CC1CCC1,41.7104,37.40943,0.1031150154992632,39.45416199552767,0.05718631166790682,0.051825508187436614
OCCC1COC12CN2,31.4687,33.846596,0.0755638384858655,34.48176182496646,0.08738131886245039,0.018420341402235807
N#CC1=C=NC1O,31.4687,21.399422,0.3199775747998953,23.28908467207042,0.35122098799095497,0.08113941353550096
C#CC1C2CC(O)C12,35.0509,28.977745,0.1732667333462951,31.170019352807767,0.12450684111758967,0.07033278766990211
CCC1=CCC1OC=N,35.0509,34.352364,0.0199292004934029,35.74887901155337,0.01952450065155324,0.03906458188806539
CCOC1NNCC1=O,24.8268,31.922344,0.2858018032031383,34.3508246184393,0.2772575250879673,0.07069642855489722
CC(CCC#N)OC=O,36.3257,34.5518,0.0488332014477374,35.255087899920035,0.030367591285523104,0.01994855045934037
C=C(C)CCC=CO,39.4752,34.934265,0.1150325992846458,36.873100806301295,0.07056903641947111,0.05258130626133729
OC12C=CC1CC1CC12,32.7724,31.294973,0.0450814290862711,31.593530197416076,0.03731364602871563,0.00944994736423899
CC1NNC1C1C#CC1,39.819,33.569256,0.1569538203154921,33.30491578078426,0.1955892716286084,0.007936973056939972
O=C1C2NC3CC2C13,27.4345,22.374018,0.1844568803712806,26.417871473202666,0.03848260552817682,0.1530726454364276
CC1C2CCC(=O)C12,28.0364,28.540323,0.0179738931334368,30.804020410400902,0.0898460776719399,0.07348707669459177
CC1C=CCC1CN,28.0364,31.932865,0.1389787969504738,35.97869787519777,0.22075000887324664,0.11245078655241712
N=CC1C=COC=C1N,36.8068,31.037762,0.1567383829011916,31.891970574350246,0.15410867805085102,0.026784440063332422
C#CC(C)C(=O)CC=O,36.8068,35.005775,0.048931842712212,37.599954871413836,0.021094569770796344,0.06899422832515462
OCC1C=CC2(O)CC12,33.4263,33.31564,0.0033105819115603,33.417928935899425,0.0002504961967161179,0.003060899916797025
CC(C)OC(N)NNN,37.2228,37.066475,0.0041997132254751,45.3527287972199,0.17925996985915132,0.18270684073430768
COC1OC1C=O,33.8305,24.48649,0.2762007582023976,27.32165364445843,0.23823032237515177,0.10376984063091207
OCCC#CC1C=CC1,33.8305,33.14377,0.0202991882902447,35.37131011453106,0.043561013418557955,0.06297590073193113
CC1CCC2(C)NC12C,36.6396,37.928642,0.0351816688214177,38.11422842510494,0.03868970948743215,0.004869216373345117
CC1CC=CCC1N,25.2234,31.4734,0.2477857908119759,34.86707214493333,0.2765839387043196,0.09733172119605338
N=C1NCNC1OO,29.6727,25.918566,0.1265181210296983,26.827706979845786,0.1060468202627792,0.033888135893566165
C#CC1CC(C)C(=O)O1,29.6727,32.43555,0.0931108624997815,35.54720902315158,0.1652593602869234,0.08753595876190971
O=CC(O)C#CCO,35.5668,30.858242,0.1323863255926282,31.299415782652215,0.13634069872042132,0.014095272119958735
O=C1CCC2OC12,24.129,21.405334,0.1128793372018629,23.495374132011882,0.0269681114430444,0.08895538842108724
CC1=NN=CN=C(O)C1,33.1059,29.002312,0.1239533827341057,30.84119634046888,0.07343112227327717,0.059624286949464145
CC1COCC1(C)C=N,39.7326,36.507587,0.081167921735267,36.54676548475832,0.08717144931937465,0.0010720096358364734
COC(C)C1OCC1=O,39.7326,34.172264,0.1399439226448534,36.712507098783654,0.08226332495054267,0.06919285277762514
C#CCCN(C#N)C#N,39.7326,31.541058,0.2061667852929352,35.22252721959133,0.12804512158628117,0.10452030306171889
C=C(C)C(O)CC(C)C,42.0206,41.89382,0.0030170507725117,45.68703824981644,0.08025116948418445,0.08302613597045068
Cc1ccc(=N)n(N)n1,35.4375,31.917225,0.0993375694099978,27.554229617656485,0.28610019193902597,0.15834212906274642
O=C1C=Cc2nonc21,35.4375,24.187931,0.3174481534873787,19.573060182675093,0.8105242445106854,0.23577666314078546
CC1NCCC1(C)C=O,38.8007,36.771206,0.0523056052571316,37.340366698303775,0.039108702747757455,0.015242504255579003
CC1CCCCC(O)C1,38.8007,37.681313,0.0288496712421384,39.05530927348217,0.006519197471956752,0.035180780770697626
OC=CC12CC3C1NC32,26.9418,30.773655,0.1422271317337423,30.902891775404818,0.12817867674627767,0.00418202854102069
C=C(C)C(O)C(C)=O,41.5441,33.421417,0.1955195265674759,34.89796003455451,0.19044494173483953,0.04231029644977811
OCC1C2CC12O,21.5523,26.16161,0.2138662532378541,26.531400274557484,0.18766820533525463,0.013937834819525072
Nc1nncnc1F,21.5523,22.084898,0.0247118866661617,19.721516230537638,0.09283179589546452,0.11983773163458901
CCCNCCNC=O,26.2702,37.801064,0.4389332223430982,43.621597588475005,0.3977707958375947,0.1334323800651633
CC1CCCC=C1C=N,26.2702,34.86392,0.327128012137074,35.39540439080047,0.25780760377955114,0.015015632677405109
OCC1CC2OCC12,26.2702,28.2802,0.0765125142139504,31.41822042875726,0.16385461552256633,0.09987899969932772
CCCCCC=C(O)O,39.3461,39.68255,0.0085510005553083,42.493075033300464,0.07405853849913852,0.06614077778786182
CC1CC1C(O)CC=O,40.8687,36.90503,0.0969854853010983,39.02004961582072,0.04737693576457531,0.05420340662414699
CC1CCC(C=O)O1,40.8687,29.560457,0.2766969042417728,32.44017719340448,0.25981740963822936,0.0887701745966408
CC1=NN=C=C(O)C=N1,29.7517,29.242672,0.01710920832918,30.888281180884096,0.03679651756043633,0.0532761655220401
N#CCNCCC1CO1,29.7517,33.499023,0.1259532543518521,37.29999330461342,0.20236714904932218,0.10190270742336303
CCC1CC1C1OO1,29.3034,29.770306,0.0159334969165667,32.48229201063068,0.09786538491773623,0.08349121452830699
COCC1CCC1C=O,29.3034,34.748466,0.1858168844468293,38.45977302632315,0.23807662671478125,0.09649841208846983
CC1NC(C=O)C1=N,29.3034,29.232988,0.0024028488999929,29.582927862043352,0.009448958647599006,0.011829115213857743
CC1CC2C3CNC2C13,28.3744,30.686588,0.0814885349946964,35.598912394288256,0.20294194143547506,0.13799085600930955
CC1=CN=CC(C)(O)O1,32.4768,32.5476,0.0021800113459599,33.68650724530966,0.03591073531311559,0.033809003617263876
C=C1C(C)=NCC1C,32.4768,30.819,0.0510456620067054,34.142922309977266,0.04879846824038237,0.09735318728139296
CCCCCC#N,36.8,32.971066,0.1040471325749935,34.2648523089403,0.07398682674018806,0.03775840903311661
C=CCC=CC(C)CC,36.8,40.526463,0.1012625694274903,44.63292547300257,0.17549657321343481,0.09200522774350692
CCCC1=CC1C#N,37.1544,30.294613,0.1846291991117745,33.04241899166472,0.1244455198444331,0.0831599524344111
OCCC1C2CCOC12,35.5377,33.383972,0.0606040298621253,36.89021859845622,0.03666333922219755,0.09504542753246117
CC1C2CCC(=O)C12,27.0577,28.664701,0.0593916505021488,30.804020410400902,0.12161790443223981,0.06944935699622395
N#CC1=C(CO)C=C1,31.1365,25.497002,0.1811217815763102,27.641486907214716,0.1264408497457874,0.07758211106418392
OCCC1=CC=CCC1,38.0756,34.406376,0.0963668101091049,35.88233345067977,0.061123855067421136,0.04113326277145475
CC(ON)OC(=N)CO,38.0756,35.903313,0.0570519523499178,38.93125281394577,0.02197855840999956,0.07777658295294101
OC#CCC1COCO1,33.1089,31.56535,0.0466204078402658,33.48240305633123,0.011155204592180685,0.05725553966679021
NC1N2CC=CNC12O,22.3681,31.825184,0.4227933471509965,32.237708428335814,0.3061510544484228,0.012796332259560353
CN1CCC2CC1C2=O,32.3294,31.12055,0.0373916572642966,34.393002118498146,0.06000063941461642,0.09514877785961197
N=CCC=CCN,30.1026,28.053984,0.0680544641208901,30.672697377285935,0.01858647677031857,0.08537603801435384
O=CCC12OCCC1O2,24.9104,29.570847,0.1870883870839965,32.418932028433545,0.2316094812083281,0.08785252475114189
COC(CO)CCC=O,32.602,37.551315,0.1518101744560822,41.92521826343836,0.22237733396772422,0.10432630871364357
CC(O)CN(C)C(=O)O,41.7416,36.982136,0.1140220841389625,39.28222926829767,0.06260771798119766,0.05855302285896335
CCc1ncc(C)o1,41.7416,31.62716,0.2423108093927318,26.908766440948227,0.5512268127044282,0.17534782091949003
CC1OC1CC#CCO,37.8023,35.630596,0.0574489869428931,37.542302625550164,0.006925450925135639,0.05092140044305958
C#CC(O)C(O)C#N,37.8023,30.711967,0.1875635221068105,31.698123602649552,0.1925721684308222,0.031110882619156708
N#Cc1cccc(=O)o1,30.4346,25.940948,0.1476494356315468,25.271766866207315,0.20429252774946566,0.026479396448037575
N=CCC(CO)CNO,30.4346,36.877247,0.2116882382777974,39.3365049857797,0.2263013704190998,0.06251846692197825
N=COC1CCOCC1,30.4346,32.04949,0.053061051642677,33.608465441915314,0.0944364879557095,0.04638639168484661
CC(C#N)=C(C)CN,35.8344,35.597843,0.006601389442379,35.9902075900831,0.004329166195919133,0.010901981854398045
CC12CCCC1(O)C2N,35.8344,37.040154,0.0336479333662058,36.68449481868308,0.02317313684936258,0.009695081888814494
CCNCC1CCC1O,35.1766,40.913383,0.1630852181247397,41.09292471663439,0.14397429137574788,0.004369163739803392
CC1=CC=C2C=NN=C12,33.59,27.215912,0.1897614806420252,29.055912238110526,0.15604699397262234,0.06332619065723678
C#CC1CCC(O)C1=O,37.0148,32.804703,0.1137409155583966,33.79231667341478,0.09536142069597803,0.029225983023287567
O=COC1CCC1C=O,31.2413,31.084389,0.0050225588272524,30.427094743619136,0.026759217836649012,0.02160226804166725
C#CCC1=CCCC1O,32.1251,34.253105,0.0662411996717275,36.162599819526136,0.1116484942917757,0.05280302934677553
C=CC(C=O)CC=O,32.1251,29.92689,0.0684265754953086,33.74456392343413,0.04799184624547713,0.11313448684938911
COC1OC2C(C#N)N12,32.1362,28.92341,0.0999741594946069,32.82366705997088,0.020944249121063557,0.1188245375766476
CC1CCC2COC12,32.3371,27.892681,0.1374402428842978,32.67641505309747,0.010384096680927298,0.1463971505235245
COCC1OCC1CO,32.3371,35.269993,0.0906974598331062,39.214660851768265,0.17538238766785466,0.10059166051898656
CCc1ncc(N)o1,31.2452,28.673986,0.0822914740524457,26.545297614756343,0.17705216394451026,0.08019078995220355
CC1CC(=O)CC=CN1,41.3028,33.37719,0.1918903891205809,33.46668935453399,0.23414657370058592,0.002674281689051096
CCCC12CC1CC2O,31.1924,37.538914,0.2034634631130224,38.73359123829564,0.1946938302699832,0.03084344105729268
N=CCC=CCC(=N)O,32.06,35.287933,0.1006841344232492,34.41916545196532,0.06854220376893566,0.025240808038972263
CC1CC1N1CCC1C,32.06,36.78389,0.1473452829228886,39.213670600149236,0.182427977046403,0.06196259016211528
N#CCCCCC1CO1,32.06,33.23052,0.0365102414555349,38.597255052254496,0.16937098359466493,0.13904447466507136
CCC=CCCOC=O,40.6942,36.00066,0.1153368307368875,37.29957238836567,0.09100982650120602,0.0348237876520755
CCCC1CC1C1CO1,36.8667,37.00172,0.0036623952907853,39.26003895306087,0.060961196597953834,0.05752207622006968
N#Cc1ncccc1O,26.5412,26.260014,0.010594337093942,23.666599671204686,0.12146232955859981,0.10958119733401078
N#CCC1C=CCCN1,26.5412,31.875408,0.2009784098913169,33.430354842290676,0.2060748345266031,0.046513022360253516
COOC1NCC1C=N,26.8988,32.510475,0.2086217659780884,34.49503259698361,0.22021236175459818,0.05753169217637299
Cc1noc(C#N)n1,26.7389,22.821192,0.1465171795504031,20.62406214730677,0.2964904687068036,0.1065323522107475
O=CC1CC1CCCO,37.3772,36.27042,0.0296110978226595,39.0713552417589,0.04336054460553267,0.07168769100605193
NC1=NCNCC1C=O,34.194,31.117804,0.0899630469202668,33.672813099981305,0.01547797323826762,0.07587750665187887
O=CC1CCC2COC12,28.7763,29.730703,0.0331662984428796,33.717956270015414,0.14655859419362002,0.11825311232048741
O=C1CCCCCCC1,32.7878,34.183353,0.0425631919211495,34.961936080212475,0.06218580330403901,0.02226944979323199
CCC1C2=C1C(O)C2,36.7457,30.193247,0.178318909656622,32.361738486077066,0.1354674291002332,0.06700787990762648
CC1CC2CC(=O)C12,36.8832,28.582378,0.2250569802118262,30.804020410400902,0.19735020002604856,0.07212183282578177
CC1OC=C1C1CC1O,34.6934,32.126137,0.0739986055046447,34.39000620456971,0.008822150063758171,0.06582927583970274
CC1=CC(C=O)=C1C=O,36.5709,31.177223,0.147485481473893,32.50575046806133,0.12505939636535707,0.040870536718316294
CC(=O)OOC(C)C#N,41.442,32.488876,0.2160398546698171,36.15981757153505,0.14607879085714953,0.10151991403919063
C#CC1CCCCC1O,41.442,35.186962,0.1509347491027086,36.9704600888426,0.12094899280160369,0.048241165637558425
N#CC1NC2CC(O)C12,33.4422,30.155537,0.0982789214940605,31.98558174457161,0.045539839389527326,0.0572146775126951
CCC1NCC1CC=O,40.0066,35.50733,0.1124631473770694,39.02599429172445,0.025126988461726056,0.09016206647861344
COC12CNC(=N)C1C2,30.7623,32.334522,0.0511087352803416,32.316485852544254,0.04809266266251206,0.0005581097999962704
OCC12CCC=C1CC2,30.7623,34.01722,0.1058087185762128,34.059954442227024,0.09681910901614835,0.0012546828945267424
CC1CC(C=O)C1C,30.7623,32.30388,0.0501125983486178,35.388451032358994,0.13072488050208436,0.08716321122782346
N=C(N)C12CCC1C2O,38.9019,34.276962,0.1188871936775982,33.17894567579804,0.17248752808852794,0.03309376780477058
C#CCC1NC2OC=C12,23.7432,29.129215,0.2268445382458351,32.840522464201314,0.27701515632457097,0.11301000062489641
O=C1CC(CO)C1,23.7432,26.154121,0.1015415529046539,26.62552164322648,0.10825409101270099,0.01770484160059283
O=C1NCNC2CC12,23.7432,25.085411,0.0565303359183826,26.5543841954283,0.10586516240554672,0.05531942238303553
C#CCC12C=CC1O2,25.5594,26.512177,0.0372769514805462,28.76407418208018,0.11141238761220652,0.07828853339152819
N=C1C=NC=CC1CO,26.6593,30.919676,0.1598082405399378,31.149560067309974,0.14415163673602865,0.007380010080823819
CC1CC(C=O)CCO1,36.6147,33.502884,0.0849881629200071,36.80054963283901,0.005050186333987952,0.08960914078023256
C#CC(C)C(C=O)OC,36.6147,37.168842,0.0151344218489794,41.047258077200844,0.1079867032498049,0.0944866054123859
C1=C(CC2OC3CC23)C1,34.8808,29.621735,0.1507724989352129,33.14633386039195,0.052327540865104376,0.10633450067923347
CC#CCCC#CCO,34.8808,37.6,0.0779568838478788,38.969236089416555,0.10491445303252712,0.03513633385768156
N#CC1CC1CCO,27.2636,30.598293,0.122313021920926,32.592084636640955,0.16349014480192284,0.061174105887031094
N#CC1C=CCOC1,27.2636,25.719643,0.0566307223125282,27.956163474235144,0.024773194464734805,0.08000097997339142
O=CCC12CCCC1C2,22.1275,32.478508,0.4677893117435529,35.03042957389602,0.36833489428605315,0.07284870910625844
CC(C=N)NNC=O,30.7679,30.297974,0.0152732675024132,32.87642882486797,0.0641349714745497,0.07842867723265642
CCC1C=CC(C=O)C1,33.7986,34.169273,0.0109671222022463,37.383707918307586,0.09590027629527575,0.08598491421268067
CC12NC(CN)C1C2O,32.9635,35.506233,0.0771378408036776,37.59746617368792,0.12325208704971016,0.05562165184289572
CNC(C)=CC#CCO,32.9635,37.939857,0.1509656888045915,38.91187284400555,0.15286781152508586,0.02497992959378433
CC1CCC=C=CN1,33.3971,29.629967,0.1127982149396252,32.3315451709425,0.032957126652120416,0.08355858517304954
C#CC1=NC=C1CO,22.1181,27.1445,0.2272528260755615,29.035766475069256,0.23824638764087447,0.06513575168381168
CCCC1C2CC1C2O,39.8616,36.423485,0.0862513094746299,39.838492437410714,0.0005800310497590291,0.08572130189855828
CCC1C2CC3OCC312,34.0379,32.17109,0.0548450646966093,35.603443727081036,0.04397169383618462,0.09640510489355518
NC(=O)NC1=CC1CO,36.0359,34.027847,0.0557236730582817,34.553209949624865,0.04291034183326954,0.015204461478131563
CC(=O)C1CCN=C1O,32.1249,32.922554,0.0248297742907615,33.14371415748751,0.030739287475340212,0.006672763240614299
CC1CCC(C)COC1,32.1249,36.740967,0.1436912425213776,40.119380855355594,0.19926730385442631,0.08420902275476186
C#CCCCC(C)NC,32.1249,41.182617,0.2819531636674356,46.10153574805494,0.3031707191803178,0.10669750298421403
COC12CN1C(C#N)N2,24.1592,30.51332,0.2630104027803721,31.720959059212365,0.2383836833273895,0.038070698208024195
O=CC1C23CCC12OC3,24.0867,28.095552,0.1664342747017236,30.068085575184934,0.19892804815353282,0.06560223364579143
O=CC1=NON=CC=C1,24.0867,25.448668,0.0565443803528551,27.876156321097728,0.1359389823133444,0.08708117048620909
O=CC1C2CCCC1O2,24.0867,29.708447,0.2333962935016231,33.717956270015414,0.28564175695845073,0.11891317605097484
CC1CCC1C1CCO1,30.2092,34.784306,0.1514474257017652,37.036787492532,0.184346104367413,0.06081741006792728
N#CC1CC=CCC1,39.5733,27.918142,0.2945207420476537,29.261912246966386,0.3523825670040621,0.04592216105445044
C=CN(C)C#CCCC,39.5733,38.235085,0.0338161201190852,42.12290370273193,0.060527729064569956,0.09229702515688122
CCC(=O)COC=N,37.6516,31.59151,0.1609517053005695,32.71455238759221,0.15091288897720914,0.034328526775691065
OCC1C=NCOCC1,31.9939,33.31536,0.0413035304526556,34.53747004182353,0.07364668108993994,0.035385048190953367
CCC(C)C(=N)CN,37.1684,40.43725,0.0879469718895747,39.56862867840343,0.06065989038719139,0.021952272560576875
CCC1C(=O)CC1C=O,29.5611,33.681858,0.1393979947547331,36.03978072040687,0.17976470974304326,0.06542555679512606
C#CC1C2C(O)C(O)N12,29.5611,32.12889,0.0868638511831744,34.031705772523594,0.13136590338451554,0.0559130296095791
N#CC1=NC(=O)N=C1,22.4002,21.85614,0.0242881698949675,22.470333021074747,0.0031211384810794092,0.027333507718764145
N#CC1CC23OCN2C13,22.4002,26.244352,0.1716124115274971,29.39432360754377,0.237941301216021,0.10716258178280934
O=C1CC2NC2C1,25.3612,22.593712,0.109122917960217,23.49756733036845,0.07931172803675617,0.03846591086049579
CC1CCC(OO)CC1,25.3612,35.820126,0.412398686964102,38.29715816397063,0.3377785398223249,0.06467926819439516
COCC(O)NC(N)=O,39.2549,36.49983,0.070184146727592,39.32655897088524,0.0018221520712831684,0.07187837036487113
C=CC1NCCCC1C,39.2549,36.281364,0.0757494111329294,38.71540337207169,0.013934934959698428,0.06287005067929996
OCCc1coc(O)c1,21.4399,32.219334,0.5027744368528603,29.221576785301767,0.2662990037285014,0.10258711351285073
N#CC1=NC(=N)C=C1,23.566,23.878052,0.0132416090050284,23.636008812226326,0.0029619557507574155,0.010240442440877398
O=CC12NCC1C2O,24.6254,27.873428,0.1318974857150163,27.52758054144098,0.10542810099390815,0.012563670753351177
N=C1CNOC=CC1=O,24.6254,28.100208,0.1411066736975116,27.658972985861773,0.10967771606749181,0.015952689724371482
O=C1CC(O)C2CC12,25.346,27.312103,0.0775705543866635,28.43420005579625,0.10860864908231266,0.039462937363961906
Cn1cc(F)cnc1=N,25.346,29.076809,0.1471951759426875,24.427960045572885,0.037581523496616864,0.19030852129093906
C1=CC23CC4C(CC12)N43,25.7809,27.882336,0.0815113383490024,30.10936645785989,0.14375813798400153,0.07396470666285093
CCCCCC(=O)C=O,39.4986,37.09589,0.0608302561314575,40.84773541225602,0.03302840166388322,0.09184953276823063
ONNC1N=CCC1O,25.9825,30.965885,0.1917977547331286,33.633025761155636,0.22747063601965858,0.07930124337002241
O=CC1=CCC=CN=N1,25.9825,27.163334,0.0454472776993077,29.181905093828966,0.10963660814953222,0.06917201215406016
N=CC1=C2C=CC2CN1,25.9825,28.120518,0.0822868365520211,29.089769454021305,0.10681657202311587,0.03331932401710103
CCOC(O)C1OC1C,40.6251,36.944553,0.0905978477531344,40.274980956094524,0.008693214387541469,0.08269222919621405
CCCC1(C)CCC1C,40.6251,41.416985,0.0194924949872237,44.186004955723895,0.08058897742151747,0.06266735267192779
O=CCC12CNOC1C2,23.1568,30.570215,0.3201398822471035,32.42112522679011,0.28574965125315405,0.05708963565708298
C.CC(C)CC#CC#N,38.0772,37.884346,0.0050648154722305,35.03178405644258,0.08693293891771815,0.08142782391446071
Cc1nncnc1C=O,38.0772,27.247992,0.2844013855564576,24.616264671922945,0.546830947240767,0.10691010042148173
CC12CCC(C#N)C1C2,30.056,32.53971,0.0826361125410951,34.55405647443587,0.13017448408014454,0.05829551375324464
COCC1CCC1C=O,30.056,34.748463,0.1561239911166473,38.45977302632315,0.21850812849496865,0.09649849009205029
C#CC#CNC(C)C=O,40.217,34.4576,0.1432081050328821,37.01731799901541,0.08643743452914911,0.06914920197847654
C#CC12CNC1C(=N)C2,26.3572,30.820518,0.1693396299171514,30.989787777416222,0.14948756056962148,0.005462114766064231
C#CC12CCC(C1)O2,26.3572,27.740482,0.052482142652568,29.48666466934284,0.10613152434959972,0.059219402700310786
O=CCC1=C2CCC12,25.5009,27.01084,0.0592112224384344,29.770202551941885,0.14340858260849826,0.09268873959212927
O=C1C=NC=C1CCO,25.5009,30.027748,0.1775171898995782,31.857215129810502,0.1995251343819616,0.057427089039511575
CC1CCC(CO)N1C,34.9977,37.84044,0.0812264475315073,41.03806933863258,0.1471894130493676,0.07791861045525315
N=c1nc2cnnc1-2,21.3133,21.653854,0.0159784909008546,13.352202095923449,0.5962385715017862,0.6217440272725592
NC1N=Nc2ncnn21,21.2715,24.388632,0.1465402919718267,25.593898251016125,0.16888393509357325,0.04709193727330193
