SMILES,des_cv,pred_cv,Err_pred_des
CCc1ncnnn1,37.056,27.948225,0.24578408297273568
COCC1=C2COC=C12,37.056,31.984442,0.13686199921194542
C=C(CCC)C(C)=O,40.6989,34.71538,0.1470191670459287
C#CC1CC(C)C(C)O1,40.6989,36.26524,0.10893808639604093
CCN(N)CCC(C)=N,40.6989,40.68075,0.0004459137584281756
CCC1=CN(C)N=CO1,22.7691,32.04702,0.4074785546418651
CC1NCCNC1O,22.7691,30.764757,0.35116263516661034
CCC(C)OCC(N)=O,39.7592,39.391876,0.009238711525807231
CCC1(N=N)CC2CC21,39.7195,33.313255,0.16128714334121536
C#CC12CCOC(C1)C2,39.1368,32.420376,0.1716140352820208
CCCC(N)CC(C)=O,39.1368,40.661953,0.03896979243096289
CCCc1cnccn1,40.1262,31.34163,0.21892352289354716
C=NC(NC)C(C)(O)O,40.1262,39.744205,0.009519828071097726
CCOCC1CC1OC,39.1314,38.278572,0.021793953640311056
C1=C(c2ccncc2)C1,27.7091,26.695866,0.03656684514821787
CCC1NCCC2CC21,27.7091,35.00134,0.2631712671555639
CC(=O)C1CC(C=O)O1,37.2733,31.68948,0.149807507575641
C#CC1CC2CCNC12,25.4833,32.1218,0.2605039170356328
N#CCC1=CC=C1O,25.4833,26.528454,0.041013284264765436
COCC1NC2CC1C2,31.5872,32.643036,0.033426067795558824
CCC1(C)C(O)C1CO,40.9518,39.93099,0.02492715065595213
OCCC1C2CC12CO,28.2448,36.794117,0.30268640506843564
CC1CN=CC2C(C)N12,28.2448,33.078392,0.17113210321222286
CC12CC(C#N)CC1C2,28.2448,32.693554,0.15750700746900476
CC(=O)C1OCC=C1C,37.6224,33.673813,0.10495309001523193
CN1CC(C#N)OC1O,37.6224,31.34536,0.16684316252429152
N#CCc1ncco1,21.9779,23.459103,0.06739509373576331
CC12NCC1CC2C=O,21.9779,32.94314,0.4989211035885408
O=CCC1=COCON1,21.9779,28.481642,0.295921892874623
CC1CCCNCCC1,21.9779,37.53513,0.7078578730051159
O=C1C=NON=CN=N1,27.7259,21.90146,0.21007214742955113
CC1CNC2CCC12,27.7259,29.923687,0.07926837293653849
CC#CC=CCC(C)O,40.9351,39.247944,0.04121539025985451
OC1C2CCCC1O2,26.9244,27.22775,0.01126676093796867
O=C1C2CCCCCN12,26.9244,30.231544,0.12283075926033293
CCCC1=C2N=NC12O,31.4705,32.197998,0.02311682518151916
CCC12CCC(O)C1O2,30.8896,34.671555,0.12243455938016956
CCNCC1CC1O,30.8896,35.414352,0.1464814182440752
N#CC1=C(O)CCN1,24.9482,26.726528,0.07128082056920376
C1=COC2CC2N1,24.9482,21.738373,0.1286596707283742
N#CC1CC(=CN)CO1,29.1259,31.54339,0.0830013930573081
OCC1NC2CCCC12,29.1259,32.880302,0.1289025379198314
N#CC(CO)CN(N)O,29.1259,35.356873,0.21393236118347408
C1CC1CC1C2CC12,29.1259,27.47586,0.05665196283365927
CC(N)C1CC(C#N)N1,39.4617,35.121037,0.10999686963458201
CCC(CO)C(=O)C=O,39.4617,36.136124,0.08427351945743437
CCC1CC(C)C12CN2,32.1943,37.891212,0.1769540714778364
CC1CC=C=C(C#N)C1,32.1943,31.886147,0.009571677427055166
N#CC1=C(CO)C1C=O,32.1943,30.671555,0.04729860362145818
CCC1CC=CCC=N1,32.9446,33.960487,0.030836233122352525
CC1CC2C3CC12C3,32.9446,27.599657,0.1622403350255939
CCC1=CC(=O)C=N1,32.9446,27.621126,0.161588661725237
CCCC(C)c1cc1=O,27.3973,36.203358,0.32142063986353403
C1CNC2OCCC2C1,25.379,31.072758,0.2243491753397401
C#CCCC(=O)NOC,32.2009,35.389214,0.09901318168162138
CCc1cn(C)nc1C,32.2009,35.609554,0.1058558702015002
CCC(CO)C(C)O,41.5994,37.86314,0.08981523516682526
CNC(C)NC(=N)C=O,28.3051,37.454468,0.32324096270415936
CC1Cn2ccn2C=N1,28.3051,28.384872,0.002818306118806788
CCCC1NCC12CC2,35.9176,37.598778,0.046806517445377574
N#CC#CC1CC1C=O,24.9826,30.650412,0.22687036600814003
C#CC(O)(CC)CCC,40.8423,41.837578,0.024368799500131412
CC1=CN=CN(O)C=C1,31.6976,30.35845,0.04224768007946707
CCC1C(=O)C2CNN12,31.6976,30.650984,0.03301878342761586
CC1CC2CN=CN12,26.8079,27.670258,0.03216803883778196
CC1N=CNCC2NC12,28.0611,31.469732,0.12147179848779623
CCC(N)C1CCC1=O,35.8879,36.41158,0.014592080675661607
C#CCNC(=O)C1CC1,35.8879,34.05751,0.05100297381634031
CC1NCCCC2CC21,29.9408,34.962814,0.16773146779827822
CC1CNC(CO)CN1,33.2378,36.05899,0.08487897750499808
CC1CC2CC(C)C1O2,33.2378,35.94808,0.08154204416410166
C#CC1CC1C1CC1,33.2378,30.85048,0.07182547804076797
CCCCN1C=CCO1,33.2378,34.37671,0.034265474380825445
CCCC1CCC2NC12,33.2378,35.86499,0.07904224209710028
CC(C1CC1)C1CC1,39.4312,32.808838,0.16794726281155525
CC1=C(C#N)CC1O,39.4312,29.711643,0.2464940651313137
C#CC1CC1C(C)CO,31.3505,38.224712,0.21926962478512851
CCCCN1COOC1,31.3505,34.852013,0.11168921179175272
c1nncc2ncn-2n1,23.838,21.806557,0.08521869696869891
CCC1CC=C1CCO,34.3005,37.37449,0.08961935920952775
CC1NNC1CC1CC1,34.3005,32.826973,0.042959345740564085
CCc1ncncn1,34.3005,25.017702,0.2706315621445421
CCC(C)(C=O)C1CC1,41.8421,39.56431,0.0544377990945984
CCC(C)(C)C(C)NC,41.8421,42.226498,0.009186863234552813
CCC1CCCC(O)C1,41.8421,37.77569,0.0971846974366316
C#CCCC(=O)C#C,33.0697,30.523556,0.07699326708088562
C#CC(C)CC=CC=O,33.0697,36.4353,0.10177288937237826
C1=NC2CCCCC12,22.5601,26.625864,0.18021923789924096
CC#CC(C=O)CON,38.0081,35.850384,0.056769905400561385
C=CN1CC(C#N)C1C,38.0081,33.264725,0.1247990630564192
C#CC1CC(C(C)=O)O1,38.0081,33.32859,0.12311874592346349
C#CC#CC(C)CCC,39.0301,39.47399,0.011373052952541025
C1COC(C2CC2)C1,25.9423,28.954094,0.1160958717270816
CCC1CC1CC1CO1,31.9925,36.467186,0.1398667179533045
CC1=CC(=O)C=N1,27.3686,21.786184,0.2039715472872896
CCCn1cccc1,24.352,29.584667,0.21487628144754214
COCC1CCCC1C,24.352,37.820618,0.5530805550172984
O=C1CCCCC2CC12,24.352,32.280937,0.3255969610226765
N=C1CCCN=CN1,24.352,27.399687,0.12515139673761874
CC1C2CC3(CC3)C12,22.5916,30.394928,0.34540838092546017
COCC1=C2C(O)C2C1,35.5323,33.446407,0.0587041278466287
CC12CCC(C=O)N1C2,35.5323,34.011513,0.04280013519114561
CN1CCCNC2CC21,25.0519,34.80335,0.3892498589432245
C1=NC2C3C4N2C34CC1,25.0519,27.356306,0.091985281597396
CC=C1C2CCCC12O,25.0519,35.17477,0.40407595253152895
OC1C2C=CCCCC12,25.0519,32.661648,0.3037593075427756
C#CC1C(=C)CC1CN,35.5851,35.561207,0.0006714378313688579
Cc1occ(O)c1N,35.5851,30.165712,0.15229373089952297
CC1OC12C=C(C#N)C2,35.5851,30.1001,0.15413755859619235
CC(=N)NC1OCC1=O,35.5851,32.4337,0.08855952177952457
COC1OC12CCC2O,35.5851,33.626877,0.055029300717022285
N#CC#CC1COCO1,27.6176,28.094404,0.017264505988248625
CC1NC(=N)CCO1,27.6176,29.152294,0.055569425255472864
N#CCN1CCCCO1,29.3236,31.064297,0.05936163098705856
C#CC1CCCCCC1,29.3236,35.645283,0.21558344628085668
CCC1NC(C)C1C=N,29.3236,36.53009,0.2457573535320101
COC1NC2NCCC21,29.3236,31.325287,0.06826197551577487
CC1C2CCC3N2C13O,26.847,31.80458,0.1846605091249138
CC1NN=NC12CO2,26.847,24.90929,0.07217602288074265
N#CC1C(=O)C2CC12,26.847,24.49346,0.08766492712265486
O=CC1C=CN=CO1,23.2835,22.399195,0.03797991206617448
N#CCn1cccn1,28.722,23.95441,0.1659908588197718
C#CCNC1=C(N)O1,28.722,28.974218,0.008781365104459026
N#CC1CC2CC12,22.3216,22.777649,0.020430834966187455
N=CCc1nnco1,22.3216,24.546402,0.09967036312536119
C1=CC23CC2=CN=C3C1,22.3216,24.810316,0.11149362437349605
C1CC23COCC2(C3)N1,22.3216,27.355011,0.22549508038528263
C1CC(CC2CC2)O1,22.3216,28.7558,0.28824995731454656
CC12COC3CCC31C2,24.134,31.516388,0.305891602695497
COC1OC1C,31.0939,21.34184,0.3136325535227632
CC#CC=CCC(C)C,31.0939,41.040806,0.3198989453445978
C#CCNC(=N)C#N,31.0939,29.156181,0.06231828958576385
N#CCNC(=O)C1CN1,31.0939,30.816006,0.008937260787900265
CCC1C#CCOC1,29.9243,31.410316,0.049659188929570865
COCC1=CCC1O,23.9532,30.609432,0.2778848847109775
C#CCNC1=CCC1,23.9532,30.189413,0.2603498935707426
CCCC1NCC1(C)C,33.0729,40.627556,0.22842435489987187
CCOCC1CCC1O,31.4176,37.127357,0.1817375446536386
N=C1NCC2CCN1C2,35.1935,29.474407,0.1625042352694412
CC1=C(C)C2=NC1=N2,35.1935,27.802752,0.21000322385844844
C#CCC(C#N)CO,34.1132,31.021706,0.09062457853729913
C=C(C=CO)CCC,39.9709,34.905083,0.12673763406286276
CC1COCC1CCO,39.9709,36.186584,0.09467676553051721
C#CC1=C(C)C(C)C1,39.9709,32.86335,0.1778181148147582
CC(CNC=O)OC=N,41.6997,34.854057,0.16416527428226776
CC(CC=N)C(C)(C)O,41.6997,41.585434,0.002740212520451286
C1=CCC=CC=NC=C1,27.9899,29.137115,0.040986765887538947
N=c1cnn(NN)o1,25.9907,24.472012,0.05843199428402817
C1CC2C3CC1C2N3,25.9907,25.003952,0.03796542508023304
C#CC1CC(C)(O)CO1,39.3274,35.715374,0.09184502425993266
C#CC1CC(CCC)O1,39.3274,36.03974,0.08359714814319574
N#CC1C=C2CC2C1,29.0734,24.794445,0.14717765937792632
CCCC(=O)CC=O,41.5055,32.414436,0.21903274649547572
CC1CN=CCC1C=O,41.5055,32.48045,0.21744227448136574
C=C1C=C(CCC)C1,32.0992,31.289509,0.02522465296393446
CCCCC1=CN=C1C,32.0992,36.04302,0.12286344647419405
C#CC1CCC(=O)CC1,36.0261,33.057198,0.08240976484268955
c1nncc2ccc=2o1,21.4851,23.234175,0.08140873109241081
CCNC1C2=NC1C2C,32.8066,34.441673,0.04983976635215446
CC12NC=C1CC1CC12,32.8066,31.775942,0.03141618306210092
c1cc2cocnc-2n1,22.5374,23.254896,0.03183580022275986
C1OC1CC12COC1C2,31.2223,30.976944,0.007858358617828862
CCC12NCC1OC2O,25.6751,33.752544,0.3146022567809345
O=CC1CC2CCC=C12,29.5231,29.946018,0.01432499361497069
OC1=CC=CC=CC=N1,29.5231,27.820566,0.05766785407466816
CC1=CNCCC(=N)N1,29.5231,33.531918,0.13578579390448445
CC1C=Cc2nnnn21,21.088,26.060806,0.23581213365013567
O=Cc1ccncn1,21.088,21.580353,0.023347533346126898
NC1CCC(C=O)NC1,21.088,34.118073,0.61789038836142
N#CCC(C#N)CO,21.088,29.601185,0.40369806738290503
C#CC1N=CC=C1O,21.088,27.193321,0.2895163708283072
OCCNc1ncno1,35.3059,29.561005,0.1627177146405594
CC1C2C1C21CC1CO,35.3059,34.611946,0.019655465348368685
CCCCN1CC1OO,28.7125,36.99404,0.28842982822363417
CC1CNC(=O)C1O,28.7125,29.213753,0.017457648988490473
C#CCN=CCC=O,36.8169,29.917349,0.18740174045901914
CN=CCC=CCC=O,36.8169,35.551544,0.03436888522789458
C#CC1(C)OCC=C1C,36.8523,35.334866,0.04117611193688427
CCC1=NN=CC1=O,23.6549,25.968664,0.09781331433705161
CCC1NC2CNC12,23.6549,29.621666,0.25224228192001835
C#CC1NCNC1OO,27.9119,31.31689,0.12199064615997962
COC12C=NC1=CCC2,27.9119,29.120728,0.04330867977681565
CC1NCC2NCCC12,31.166,32.238075,0.03439887237206109
N=c1ccnccn1,31.166,23.763882,0.2375062028059549
C#CC1=CCCOC1C,30.6026,33.507095,0.09491008400966139
NCCC1C=CC(N)C1,30.6026,36.379696,0.18877794345362767
CCCCN1C2CC21,30.4568,31.903015,0.047484145961451917
CC#CC=CC(C)CO,36.4445,39.843315,0.09326002893472872
CCC(N)CC(=O)C=O,37.3775,37.07334,0.00813747924208659
C#CCN=C1CCC1,37.3775,30.699844,0.1786544215008611
CC(=O)C1CC(C#N)C1,37.3775,32.682304,0.12561556063609872
CN1C=COC(CN)=N1,28.384,31.346275,0.10436426612140091
CCCCC1CCC1C,28.384,40.599342,0.4303601446657062
C1CC2CC1CC1CC21,28.384,30.542927,0.07606140037803262
N#CC1N=CC=C1O,28.384,24.817965,0.12563540889821703
CC12NCC13OCCC23,35.6809,30.618286,0.14188582314872947
C#CC1C(=C)N1CNO,35.6809,33.554623,0.059591471903834174
OC1CCC2OCCN12,26.115,30.497465,0.16781409663668367
C1CC23NC4C2NC1C43,26.115,27.781378,0.0638092204617423
CCCC1CNCC1O,26.115,37.38228,0.4314485331182391
CNCNC1=NC=C1O,26.115,32.84232,0.2576036564627759
N#CC1NC=NC2CC21,23.0752,27.935461,0.21062703873905858
CC1=CN=C2C=NC=C12,23.0752,26.693989,0.1568258910019774
CCc1nncn1CC,25.7755,33.066456,0.282863798609705
Cc1cccnc1OO,25.7755,29.965221,0.16254665884383604
CCCC1C2CCNC12,23.4607,34.86532,0.4861158575123438
N#CC1=CC=NC1,22.8961,21.264288,0.07127030592072894
CC1CC1NC1CC1,36.3028,32.721024,0.09866391684469752
COCc1cnncn1,36.3028,28.413141,0.2173292073721489
C#CC(N)(C=O)CC,39.2615,34.85889,0.11213553905359532
CC1CC(C2CC2)CO1,39.2615,34.714066,0.11582426673056775
CC1C(=O)C1CCC=O,39.2615,34.55134,0.11996897225524285
CCCCC(O)C(=N)O,39.2615,40.00068,0.018827070186143758
CC1CC2CC3COC132,33.2156,31.6565,0.04693879193298039
CCCC1C2CNC1C2,33.2156,35.245632,0.06111682979175018
N#CC#CC1CCC1O,32.1028,31.607254,0.015436222749407823
C#CC1CCCN(C)C1,32.1028,35.68634,0.11162703353075892
C#CC1CC2CC12,32.1028,24.900204,0.22436037651438556
C1CC2CC3CC1NC23,22.8681,28.57691,0.24964076678521174
CC1=NN=C2N=NN=C12,31.8458,24.515911,0.23016815083009623
CC1C=CCCC1C,31.8458,33.035465,0.03735705306440771
CCc1ccncc1C,31.8458,33.208344,0.04278565794733919
N=C1N=CC2=CCNC12,31.8458,27.452572,0.13795314079418686
NC12C=C1CC=N2,23.0494,22.324287,0.03145906554831004
CC1CCC2(C)CC2O1,41.5279,36.08582,0.13104637498200575
C#CC(N)(CC)CCC,41.5279,41.723633,0.0047132846231087416
O=C1CCC2C(=O)C12,27.7221,25.720957,0.07218584442130418
C#CC(CO)NCCO,34.9997,37.964104,0.08469797451779507
C=CC(C)(C)CC=O,35.3705,35.51956,0.00421429630845267
CCC1NC2OCNC12,23.221,32.01601,0.378752434624858
CCCNC1=NC=C1C,23.221,36.19401,0.5586758403269636
CCC1CC1C1CO1,25.4929,31.419804,0.23249232607450573
CC1CC1OC1CO1,25.4929,29.690407,0.16465395460368995
C#CCCN=CNN,25.4929,30.91888,0.21284280967039787
CCC1N(O)C1(C)C#N,34.9858,36.202614,0.034780220276981196
C.CCC#CCOCC,34.9858,36.58722,0.04577340630430782
COC1=CC2CC1C2O,34.9858,32.024426,0.08464504151422009
CC#CCN=CCCC,38.1267,38.287827,0.004226081409771575
CCC1=CCCN1CO,38.1267,35.188007,0.07707702594936544
C#CC#CC=O,23.965,21.193184,0.11566100985079152
O=CC1=CC2=NC2C1,23.965,23.998476,0.0013968716228826604
C#CC12CC1C1CN1O2,35.9288,29.96412,0.16601387007447613
CCCC1NCOC1O,37.3103,36.37762,0.024997904143856085
OCC1NC2C3OC1C23,21.7997,29.139019,0.33667064282770726
C#CC1CCC(CO)C1,39.7863,37.081444,0.06798461313012026
CC(C#N)CC(C)CO,39.7863,39.334797,0.011348205148064007
CC#CNC(C)CCO,39.7863,40.927036,0.028671585078290606
CC1C2CC3C2CCN13,27.7923,30.317432,0.09085726634947278
CCCC1C2CCCC12,30.2039,35.972416,0.19098579733320084
COC1C2=CC(=O)C21,30.2039,26.78787,0.11309895718418841
C#CC#CC(C)C(C)C,40.1578,40.332714,0.004355668906427771
CC(CO)CC=O,40.1578,30.981848,0.22849738374458956
N=C(N)C1CC2CC2C1,34.3832,33.411114,0.028272128859045415
CCCC1CC1C1CC1,35.3729,38.438538,0.08666627835592357
CNCCC(C)C(N)=O,37.2702,40.55413,0.08811142827779878
CCCCC=CC1CC1,31.9021,39.137222,0.22679141153839597
N#CC1CC(O)CC1O,28.466,33.307667,0.1700859544215714
CCCCN1CC1OC,28.466,38.829357,0.36406088481756466
Cc1cnc(O)cn1,28.466,25.600418,0.1006668274144484
CC1=CC=C2N=CC=C12,28.466,27.712624,0.02646583305728219
CCc1ncccn1,28.466,25.87258,0.09110589564445444
C=C(C)OCC(N)CC,41.8232,41.07743,0.017831473318692583
CC(CNN)CC(N)=O,41.9321,37.94707,0.09503528143261476
C#CC1=C2C=CCC12C,33.6932,31.954361,0.05160801105522583
C1CC2CC1C1C3OC231,33.6932,26.961924,0.19978145147260676
CCCC1=CC1(C)C,33.6932,36.462746,0.08219895012951899
CCC1C=COC1CC,31.3153,36.484505,0.16506962091076982
CCNC=NCC#[N+][O-],31.3153,32.12684,0.02591508572748882
CC1C2C=CC=CC12,31.3153,28.068913,0.1036677756207504
OCCC1C2CC23CC13,31.3153,33.944107,0.08394641136007197
C=C(C)NC1CC1(C)O,39.1638,37.81546,0.03442821674408195
C#CCCC(=O)C(C)=O,39.1638,35.61396,0.09064084010966046
C#CCN1CC(=O)C1O,33.5877,33.31438,0.008137483490922123
C#CC1=CC(C)C1,33.5877,25.757458,0.23312826620595342
C#CC=C=CC1CN1,26.7347,28.27514,0.05761952676967018
CCC1CC(C)CC1C,33.4384,40.772808,0.21934087979541994
CCC1CCNC12CC2,33.4384,36.801723,0.10058266783771376
C#CC#CC#CCCC,33.4384,35.639286,0.06581911937352757
N#CC1=CCC(=O)C1O,31.1641,29.350315,0.05820110017635229
C#CC1=CC(C=C)C1C,32.5542,34.88847,0.07170410257493412
C#Cc1nn(CCO)o1,32.5542,31.341402,0.037254730454656965
COC1COCCCN1,39.9379,34.562332,0.13459815981009735
OC12COC13NC3C2,25.3904,26.166458,0.030565021814654866
N=CC1CC2CC1C2,25.3904,26.373093,0.03870331508629986
c1ccn2cnnc2c1,25.3904,24.01401,0.05420909179422111
CC(=NN)C(C)C(C)C,41.6039,41.89965,0.007108722348877527
C#CC(O)=C(C)CC,41.6039,35.907944,0.1369091905906433
CC1C(O)CC1C1CO1,41.6039,35.800888,0.13948240281503813
COCCCC1CCO1,30.1025,36.303986,0.20601231112708665
CCC1NC(=O)CN1C,33.0035,35.427906,0.07345905847491782
OC1C=CCCC2=C1C2,25.5483,32.507465,0.2723925021449109
C#CC1CCC(C)C1=O,33.6295,34.11238,0.014358851051764442
CC1C2CC(O2)C1(C)O,33.6295,35.09134,0.04346895170395411
C#Cc1ccc2n1C2,29.5724,24.927391,0.15707243739953147
C#CC1CNCCC1O,29.5724,34.837997,0.17805783218553245
CCc1nn2cc1C2O,32.5234,31.317324,0.037083340465868246
C#CCC(=O)C=O,31.013,24.890917,0.19740377182662694
CC1C2CCOC1C2,31.013,29.034492,0.06379606962642183
CC1CCCC2CCC12,31.013,35.46506,0.1435546766757211
C#CC(=C)COCC,41.5815,33.20318,0.20149156702471724
C#CC1CN(C=N)C1C,41.5815,34.18808,0.17780551846411563
NC1=CC(=O)CO1,24.8887,23.043554,0.07413588069966397
C#CCC1C=CNC1C,31.518,35.049473,0.11204622148733707
CCCC1CC(N)CN1,27.9629,37.74816,0.3499372853287022
COCC1C=CCCN1,27.9629,34.15595,0.22147376126639276
C#CCCC(C)CC#N,39.0261,36.85695,0.05558206296455288
C#CC(C)NC(C)C,39.0261,37.23448,0.045908204726492326
C=C1CC(O)C(C)C1C,39.0261,37.6953,0.03410022892607246
CC1OC1(C)CCCN,39.0261,40.095276,0.027396431590813595
CC#CC1CCCOC1,40.732,34.562508,0.1514654907837933
C=CC(CC)NC=O,40.732,32.58132,0.2001050349526516
CCC1CCCC1OC,36.6473,33.929447,0.07416243013612833
C#CC1=NCC(C)(C)C1,36.6473,35.788086,0.023445494279251168
C=C1C=CNC(C)C1,36.6473,30.40104,0.1704425940373464
C#CC1=CN(C)N=CO1,27.2613,29.394714,0.07825798312878518
CC1CNC(=N)CN1C,35.7924,35.6614,0.0036599992929059496
CCCC1=CCCC1,33.1618,32.445744,0.02159280977537359
CC1C2=CCC1C=C2,22.1133,26.822256,0.21294678262660197
CC1CNC(=N)C1O,23.1702,30.349535,0.30985209400019503
C#CC1C2C3CC12C3,23.1702,26.554502,0.1460627222545604
CC1=NN=NN=C2NC12,23.1702,25.92987,0.11910430662958234
N#Cc1cnncn1,23.1702,21.501,0.0720408347496529
O=CC1CNC2CC12,21.4573,27.688643,0.290406644910173
N=C1C(=O)C2CCC12,40.125,26.335518,0.34366310571213005
CCC=NCCCCC,40.125,42.18926,0.05144569658416082
CCC1NC2CC3C1C23,24.092,31.947906,0.3260794659696425
CCC(N)C1(O)CC1O,39.6752,39.7833,0.002724585948694498
O=C1C2CC3NOC1N32,22.2337,25.223839,0.13448678385299545
C1OCC2CCC2O1,22.2337,26.508484,0.19226596952908204
O=CNc1cccnn1,22.2337,27.56418,0.23974778710450845
N=Cc1cnncn1,22.2337,22.299183,0.0029452089326429797
CC(=CNN)C(C)(C)C,41.0192,41.815453,0.019411704169842316
CCC(O)C(C)CC=O,41.0192,40.298866,0.01756089168066032
CC(=N)C(C)CC=O,41.0192,33.392048,0.18594102561531967
CC(CCO)C(O)C=O,41.0192,38.524635,0.060814562084550446
COC1C=C(CO)CC1,41.0192,35.068428,0.1450728429722963
CC#CC(CO)CCN,35.3035,39.391922,0.11580783766681244
CCCC1C=CCC=C1,40.1752,35.38684,0.11918694069195666
c1con2[nH]c-2c1,21.9391,21.017706,0.041997806776103
C#CC1CC2CC1N2,28.3001,26.897705,0.04955441577503261
CCC1CC(=O)C2CC12,28.3001,33.976395,0.20057507405699315
C#CC1CCNC1C,28.3001,31.875475,0.12633789031874693
C#CC1CC1C(O)C=O,38.7805,33.98478,0.1236631977950219
N#CC1CC2CCCC12,23.1735,30.23534,0.3047377443376358
C#CC1=C2COC1(C)C2,41.9793,31.759262,0.24345422422572707
C#CC(CC)CCCO,41.9793,40.900436,0.025699894915656395
CC#CC(C)NC=O,41.9793,32.63015,0.22270857681503523
CC1=CC(F)(OO)C=N1,41.9793,29.747303,0.291381633113625
O=CC1=CNC1=O,23.8144,22.344303,0.06173142589762848
O=CC12CC1OC2CO,36.035,30.860245,0.14360358676351975
O=CC1C=NN=NN=N1,23.0695,24.907902,0.07968970995973099
OC1=CON=CN=C1,23.0695,22.816515,0.010966212147117672
O=CC1CCC2CC12,23.0695,27.595531,0.19619113823979908
Cc1cnc(=N)ncn1,23.0695,28.315165,0.2273852734580306
CC=NCC(C)CC=O,39.6993,38.08641,0.04062765533747606
C#CCC(CO)C(C)C,39.6993,41.246006,0.0389605361294252
CCCC1C2=NCC21,34.9094,29.522743,0.15430390596522262
N#CC1NC(=O)C1=N,34.9094,25.02063,0.2832695525327705
CC(C)=C=CCO,40.934,29.749228,0.27323917711917445
CCC1=NC(O)=C1OO,39.7823,32.03871,0.1946490889704325
CCCCCC(=N)CC,39.7823,40.985954,0.030256025535677158
N#CC1NCCCC1O,24.5224,32.160454,0.311472522933592
C#CC#CCC=NCO,24.5224,33.77624,0.37736279085612473
C1=CC2CC2C2CC1C2,24.5613,29.456701,0.1993136063110065
C#CC1=NC(=N)N=N1,24.5613,26.22955,0.06792186928049351
C#CCCNCC(C)=N,26.9163,37.87571,0.40716627224735225
O=CC1CC2CCN1C2,26.9163,30.055916,0.11664366322709777
O=CCN1C=CC=CO1,26.9163,28.830425,0.071113981581836
CCc1ccnnn1,25.5619,26.225204,0.02594895010830322
CC1C2COC(=O)C1C2,25.5619,29.804493,0.16597330208002736
CC1(CC=O)CC1C#N,33.7827,34.06819,0.008450820340597824
CCCCC(C=N)CO,34.1805,39.55529,0.15724726736495856
C#CC1=CC2C(=O)CC12,34.1805,29.204557,0.14557840233983585
C#CC1NCC1OO,22.634,28.73823,0.2696929288498239
OCc1ccn(O)c1,24.0965,28.740849,0.19273954894942283
CCCCCC=NN,24.0965,34.61686,0.43659284277945587
CC#CCCC#N,28.9871,25.405357,0.12356333124597348
NCNC1CC1CC=O,28.9871,37.207626,0.28359257541366456
N#CCNCC1CCC1,28.9871,34.183052,0.17925049635832074
C#CCNC(O)C(=O)O,38.3859,34.217255,0.10859834890749272
C#CC(=C)C(C)O,38.3859,29.400587,0.23407847459850675
C#CC(C)C(CC)NC,38.3859,41.812576,0.0892691403339589
N#CC1CCCC1N,25.2878,30.01061,0.18676241430430227
CC1=NC(F)=NN=NN1,25.2878,26.45446,0.04613529623150167
CC1CCC2CNC12,25.2878,30.06303,0.1888353373136422
COCC1CCCCO1,25.2878,34.8611,0.37857382782069066
C#CC1CCCCO1,25.2878,29.241001,0.1563283927091479
N#CC1CCC=NNN1,23.3071,28.6171,0.2278275616427137
N=CC1=C2C=CN2C1,23.3071,23.306942,6.7796472325600045e-06
C1=CCC2=CN=NC2=C1,23.3071,27.873278,0.19591359131700523
C1CCC2CC2CNC1,23.5433,30.494915,0.295269355126296
CC1(C#N)CC2CC2C1,27.0861,32.490948,0.1995432241403773
N=CC1=C(C=O)CC1,27.0861,26.672983,0.015251986459635542
C1COC2CC2CN1,27.0861,28.032427,0.0349377294666433
C#CCCCC(O)C#C,37.3936,38.170483,0.020775818201458206
C#CC(C)=CO,37.3936,25.041325,0.3303312701778241
Cc1ncc(=O)on1,24.5647,24.232475,0.013524476962400505
Cc1ooc2cncc1-2,24.5647,25.60971,0.04254115431327786
ON1OCC=NC=NO1,24.5647,26.432491,0.07603558368269249
C1=CC2CC(=C3C=C13)O2,24.0539,26.285793,0.09278716983289033
C#CC1C=C(C=N)O1,26.754,25.406868,0.0503525461255502
N#CCC#CC#CCO,26.754,32.53409,0.21604575520541314
CC1CC=CC1,26.754,22.48085,0.15972003365005003
C1CC2COC3C(N1)C23,26.754,28.26494,0.05647530320104728
N#CC1CC1CCCO,26.754,35.402546,0.3232617899736517
C1CCC2(CN2)NC1,26.754,29.41721,0.0995443531899581
C#CC#CCOCCC,40.3202,36.94964,0.08359486394662678
CC#CC(=O)CC,40.3202,29.802866,0.260845283950584
N#CCC1OCN1C=N,29.6407,31.188358,0.052213959416773786
CC1CC1N=C=O,29.6407,25.4738,0.1405803284274768
CCCNCCC,29.6407,33.458126,0.12879001063116713
C#CC1NN1COO,25.0908,26.335499,0.04960777694670762
CC1=NC=NC(N)=NO1,25.0908,28.953539,0.15395040790462314
N#CC1CCOC=CO1,25.0908,28.952875,0.15392395369334974
N#CC1CC2OC23CC13,25.0908,28.794876,0.14762686317824902
CCCC1=CC1OC,39.5779,33.262287,0.15957422854945366
N=c1ncnno1,22.3714,20.98776,0.061848585970335296
C1CC2CCCC2C1,22.3714,29.126951,0.3019726623122096
Cc1[nH]n(F)c1C=O,33.5561,26.891615,0.19860726026145978
C#CC1=CC(C)C1C=C,33.5561,33.506523,0.0014774323498792158
N#CC1CC(CO)C1=O,33.7507,31.072495,0.07935259100297369
C#CCNNC1CCC1,33.7507,34.306664,0.016472651328227023
CNC1=CN(C)C=NC1,33.7507,34.110523,0.010661207734267769
CNc1on2ncoc12,28.5788,26.968254,0.05635456739417093
C1=CC2CC=C2CC1,28.5788,26.592474,0.06950347867074029
OC1CC2CCC12,30.2966,24.975695,0.1756271444197676
CC1CC2C(C#N)C12O,30.2966,32.632713,0.07710810182895414
C#CC=NNN=O,36.2334,22.520327,0.3784649904679141
C1=CC1C1=NCCC1,36.2334,27.340681,0.24542877356113965
CC(CCN)C(=N)CN,34.3459,40.995033,0.19359321677871758
C#CC1(CO)COCO1,34.3459,32.593224,0.0510301499807155
C=CCC1(C)CC1OC,41.5075,37.023003,0.1080406523035182
C#CC1CCC1C=N,29.2138,29.874805,0.02262647962399462
CC1C=NC(O)C1C,35.579,31.240187,0.12194871437409205
CCCC1=CN(C=O)C1,35.579,34.303772,0.035842154848189964
Cc1cc(F)c(F)nn1,30.7134,27.171974,0.11530556102128367
O=C1CCCC2CC12,27.7935,26.96489,0.029813102834576936
CCC1NCCC12CN2,27.7935,34.815807,0.252660058737809
CC=CCNCCC,27.7935,35.961357,0.293876522089669
CC1C2C3CN3CC12C,27.7935,33.636646,0.2102342731484682
C#CC1C(=C)N2OCC12,35.548,30.42477,0.14412145956946643
CCCCNC1CC1C,35.548,41.281536,0.16128997699715653
CC1C=CCC1OCO,23.0401,34.544785,0.4993330995047087
N=CCc1ncno1,22.394,24.117016,0.0769409591240086
CC#CC=CCC(C)=O,37.3113,37.549965,0.006396585077045116
CCC12C=CC1=CC2,37.3113,28.335234,0.24057232826638336
C=CNCCCC,36.6471,31.4007,0.14316004225495294
CCCC1CCCCO1,36.6471,34.03192,0.07136113398553369
C#CC1CC2CC(=O)C12,36.6471,30.650536,0.16362998481473043
CC1C(=N)NC1NC=O,36.6471,32.67873,0.10828605780576563
CCCn1nncc1O,32.6886,31.778545,0.02784012225550587
C#Cc1ncn[nH]1,23.5316,21.317692,0.09408234871498262
C1CNC2CC23CC3C1,23.5316,32.749603,0.39172870826821693
C1CC2CNCC1CN2,23.5316,31.574707,0.34180026140381436
N=COc1nnno1,22.9521,23.230858,0.012145200183037379
CCCC1=CC(C)CC1,33.4668,38.154884,0.14008164325178707
C1=NC=NC2=NN=C1C2,33.4668,22.488012,0.32805011791259475
C#CC1NCCN1,33.4668,24.616608,0.2644469245336983
CCc1nccnn1,33.4668,25.321772,0.24337637235397164
C#CCC(CC)CC#N,32.6702,37.463394,0.14671456449728074
CC(=N)CC1CCC1=O,32.6702,34.183514,0.04632091757495885
CC1CCNCC1=N,27.9946,30.560488,0.09165652472949729
CCC(CCN)NNC,27.9946,41.345848,0.4769222665619832
C#CCNNC(=O)C=O,31.5012,31.59721,0.0030478181916854317
CC1C=CC(O)C1C,31.5012,32.231487,0.023182839833718116
CC1=NC1NN1OC1N,35.7,30.135572,0.15586631839014908
CCC=NC#CC(C)C,35.7,39.428303,0.10443425111743908
C#CCNCC1CC1C,32.1718,37.060844,0.1519667665902039
CC1OC2C(C=N)CC12,32.1718,31.410534,0.023662527274529267
CCCCN1CCCC1,39.2411,38.248253,0.025301205403203762
C#CC#CC(C)C#C,39.2411,31.671108,0.19290977455143696
OC1C2CCC1NNC2,27.9625,30.005692,0.07306898626089635
CNC=NC=CC=CO,27.9625,35.230858,0.2599323325568563
Cc1nc[n+]([O-])n1C,32.9873,26.545792,0.19527237373241932
Cc1cc(=O)c(C)no1,32.9873,30.408056,0.07818899215288079
CCCNC1=CN1C,29.3512,33.377014,0.13716012156764465
N=CCC1=NC=C1F,29.3512,24.684065,0.15901002803591316
CCCC1NCC1OO,29.3512,35.901917,0.22318394150516
CC1NCC=CC1C=O,35.1673,33.206432,0.0557582657033864
N#CC1CC2OC2(O)C1,35.1673,29.539362,0.16003327085857164
COC1CC(C)CC1C,35.1673,38.80572,0.10346035331000637
C#CC1CC(C#C)N1,31.8052,29.533527,0.07142456660333597
CCCn1nccc1O,31.8052,33.34101,0.04828804872672651
CCC1NC2CCCC12,31.8052,34.210922,0.07563927411904149
CC(=O)CC(C)CNO,39.3009,39.126747,0.004431269224174061
CC1CC(C)(C=O)CO1,39.3009,35.668552,0.0924240310353798
CCCCCC=CC=O,39.3009,38.35369,0.024101455664521165
CC12COCCCC1C2,35.1019,34.15459,0.02698741074729708
CC(C#CC#N)CO,35.1019,31.615498,0.09932232759163101
O=C1C=CC(O)=N1,31.0292,21.479265,0.30777251063473454
CC#CC(=N)C(C)N,37.9055,34.634617,0.08629046307774235
CC#CC(C=O)CCO,41.6908,37.214355,0.10737247861038893
C#CCC(C)CC(C)C,41.6908,41.974915,0.006814802085382075
CC1CC(CC=N)C1O,41.5269,36.1357,0.12982427713530073
C1CC23CCC2CC13,23.6823,27.100727,0.14434523172575411
N=CCCC1=NC=N1,23.6823,25.233624,0.06550560987060676
CCC1NC2C3CC1C32,23.6823,31.959126,0.3494941588780999
CCC12CCC3C1OC32,27.5707,31.210997,0.13203497291717725
C#CC(C#N)C=CC,33.6569,31.19038,0.07328422711433476
CC(C=O)C=NCOO,33.6569,34.50463,0.0251874368251523
CC(=O)C1CC=CC1C,33.6569,35.123062,0.04356200760584196
C.CNC1=C(N)CCN1,34.2559,37.120743,0.0836306387469477
CCc1cc(O)n(O)c1,34.2559,34.700836,0.012988599967907079
N#CC1CCC2CC2C1,31.0897,31.571976,0.015512395037836066
CCC1NC(=O)C1O,31.0897,30.288074,0.025784279249777175
CCCCCC=CN,23.8983,36.132965,0.5119470877799102
CCCC(C)CC=N,23.8983,36.002113,0.5064717298839314
CCC1NC2CCC12C,28.1024,36.539276,0.3002190604022032
C1=COC=CN=C1,27.1083,21.111109,0.22123081196876135
CC1CCC2COC12,27.1083,27.89273,0.028936920164326984
C1CC1CNC1CC1,27.1083,31.951668,0.1786673375181967
CCCc1c2cccc1-2,27.1083,31.374043,0.15735927782215514
CC1=NC=NN(N)C=N1,27.1083,28.979313,0.06901992735540464
C#CC1=NC2=NN2C=N1,27.1083,24.646702,0.09080606999538367
CCCCC(C=O)CO,31.0301,39.444237,0.27116047822504896
N#CC1CN(CC=O)C1,31.0301,31.169153,0.004481236396304738
COC1CC2CCC21,32.2607,29.773544,0.07709552763816539
C#CC(C)NCN(C)O,32.2607,38.926033,0.2066084437107543
CC1C=COC(=N)C1,33.2184,29.43013,0.11404131430524016
C#CC1CN(C)CC1=O,33.2184,33.30896,0.002726198761454417
C#CCN=COCCC,33.2184,36.987907,0.11347648922488639
CNC1=CN2CN=C2C1,33.0823,29.654078,0.10362708971543001
CC1CC2CCCC12,33.0823,29.8859,0.09661962749154301
COCC1C=NN=C1C,28.3351,32.527634,0.14796255058186442
CCCC1OC1C(=O)O,36.2165,35.653164,0.015554680603810253
CCC1=CN(F)C=NN1,36.2165,30.321331,0.16277577832838847
C#CCC1C(C)N1C#N,36.2165,33.734253,0.06853912085133856
O=CC1CC2CC12,22.6004,23.411827,0.03590321796969714
C1CN(NC2CC2)N1,22.6004,26.195635,0.1590783721491188
N=CC1NCCC2OC12,22.6004,30.507713,0.34987492778318496
CC1CNC(C=O)C1C,22.6004,35.22377,0.5585463151803314
C#CCC(C#N)CC,36.6329,32.59536,0.11021623179584214
CCCC(O)N(C)CO,36.6329,41.57726,0.13497045179935807
c1cnn2cccc2c1,22.2311,24.48728,0.10148755086198037
C#CC1=CCC(C)(C)O1,32.9999,35.274113,0.06891574524213767
C#CC1CC2CC(C1)O2,32.9999,30.768816,0.06760881110964886
CCNCC1CCCC1,32.9999,37.81983,0.14605898345584487
CC=CNC1(O)CCN1,30.6449,36.21056,0.18161781715622186
CC(=N)CC12CN1C2,30.6449,30.195305,0.014671124049826597
CCC(CC)CC#N,39.2632,35.238297,0.10251083689589578
C#CC(=C)COCO,37.8694,31.702297,0.16285187484635721
N=C1C2CC2(O)C2CN12,37.8694,30.131432,0.2043330081915783
COCC1CCCC1O,25.9247,36.524723,0.40887736610176834
CCCC(=O)NC=O,38.0383,31.031422,0.1842058750949187
C#CC1CC(C(N)=O)O1,38.0383,32.6458,0.14176496993321328
C1CC1C1NNC2NC21,26.6414,30.683823,0.151734617243686
CCc1cnccn1,26.6414,25.786226,0.03209942898710252
C#CCCN(C)NO,26.6414,33.464233,0.25609890615498804
C#CC1=CCCC1O,26.6414,29.092455,0.09200173077534662
CN=CC#CC#CC#N,26.6414,30.49068,0.14448492551367711
C#CC1C=CC1O,26.6414,25.19928,0.054130796986785634
CC1OCC2CCCC21,26.2093,32.77381,0.25046496244966604
C#CC(=N)C(N)OC,34.9093,32.21494,0.07718175049537977
N#CC1NCCC1O,29.2094,27.908642,0.0445321774776083
CC1C=NC=CNC1,29.2094,29.41982,0.0072038722302567755
CC12CCN(C1)C2C#N,29.2094,31.198345,0.06809264087335493
C#CCNNC(C)O,33.7369,33.068115,0.019823539377506486
CC#CC=CCCC=O,37.8269,36.344418,0.039191221801905984
CCC1NC1CC(C)=O,37.8269,37.538895,0.007613770800136661
CCC1CCCCC1C,39.3148,38.544853,0.019584146162533688
CCCCC(C)CC=O,39.3148,40.485962,0.02978933923261728
CCC1C=C(C(C)=N)C1,39.3148,36.244125,0.07810480108735288
N=CCN=CCNC=O,21.0053,33.107544,0.5761519209586391
CNCC(=N)COC=N,21.0053,35.39457,0.6850304159889484
CC1(O)CC2NC(=O)C21,23.6726,32.8035,0.3857160231301332
O=CC1CN=C=C=C1O,23.6726,29.310001,0.2381403552330972
O=CC1CC2=C=C2C1,23.6726,25.610174,0.08184881166737702
C#CC#CC(C)C(C)O,41.4175,38.79095,0.06341641153747843
CCC1=CC(C)C(=O)C1,41.4175,35.21231,0.14982046741074118
CCC(C=N)NC=O,41.4175,31.435575,0.24100741268233247
CCC(CN)CC(C)=O,41.4175,40.37838,0.02508891599499374
CNNCCN1CC1C,41.4175,36.941666,0.10806626065276598
C1=CC2=CC=C2C1,24.5247,21.292688,0.1317859802667932
C#CC1=CC(O)C1O,24.5247,28.603922,0.16633116369451165
Cc1cnn2ccoc12,24.5247,26.509132,0.08091566401439802
C#CC1CCC1CO,27.5208,31.714226,0.15237296041695617
N#CC1CC(=N)CC1O,27.5208,31.611305,0.14863322420919467
C#CCNCCCC,27.5208,35.304466,0.2828284878186169
C#CC1CCOCC1=O,41.2141,31.269436,0.24129276430715804
CC12OCC1CC2=N,25.0888,28.462248,0.1344603109160559
C#CC1NC(=O)C1C=O,25.0888,30.572216,0.21856031511812235
COC1NCCC1=N,25.0888,29.580849,0.17904597644557163
C=CC=C(C)C(C)=O,36.8541,33.539246,0.0899453356487135
CCCN(C=O)CC,40.7177,34.32901,0.15690203499299754
C=CC1(C)C=NC(N)O1,34.8198,33.60977,0.034751155132550324
CC(=N)NC1(O)CN1,34.8198,30.655468,0.11959666663620853
N#CC1CC(C=N)C1N,26.8039,33.133865,0.23615837085070882
CC#CC#CNOCO,41.0172,34.275597,0.16436039957256124
CC(C)CC(C)C#N,35.9183,36.01467,0.0026830703480841696
C#CC1NCC1=CCN,26.22,35.233345,0.34375839175203216
O=C1NC2OC3CC2C13,26.22,26.235783,0.0006019307128534234
C#CC1CNCC2CC12,26.22,32.495987,0.23935876958339297
CC1CC=CC1O,34.1288,30.52018,0.10573533940439869
CC1=NC2NCC(C)C12,34.1288,32.59162,0.04504051127124942
N=COc1ncco1,25.3575,23.415543,0.07658315675681511
C1=NC=NC2=CC2N=C1,25.3575,21.987661,0.13289317315609447
CC1CCC(=N)NC1,25.5276,31.404701,0.2302253730436922
CCCC1C=C1CC,25.5276,34.956696,0.36936866593963497
O=CC1CCC2C3C1C23,25.5276,29.950846,0.1732730737861683
C#CC(=O)C(C)C,41.7956,28.857727,0.30955107593188635
C#CC(=C)CCCC=C,41.7956,37.57797,0.10091089498865648
C=C1NN=C1CC,33.0826,26.114855,0.21061661379026828
CCCCNCCCC,33.0826,41.985043,0.26909742801416714
CCC1CC=CC=CO1,36.9511,33.57725,0.09130576804679225
C1=Nc2nccn2CC1,24.9248,25.901169,0.039172584062547595
N#CC1NC2CN2C1O,24.9248,28.816677,0.15614476719997183
CC1CC2=NC(=N)C21,27.1443,27.302788,0.005838713128049629
CCCCN=CCCO,35.8115,40.494408,0.13076547069540764
CCC#CC(CO)NN,35.8115,37.88089,0.0577856245222379
C=CC(C)C#CC(C)O,35.8115,38.360443,0.07117666434621205
CC1C2CC2C2=CN21,35.4284,26.396057,0.254946395295688
CC1C2CC3(CCC13)O2,35.4284,31.277523,0.11716241657056256
N#CC1CN2C(O)OC12,35.2029,28.539806,0.1892768389545521
CCC1NC1C1CC1C,35.2029,37.768776,0.07288819784567199
CC1CCCNC2CC12,31.9643,34.559185,0.08118072437300895
CCCN1CCC12CO2,28.0786,35.62032,0.2685931409135454
C.C#CCN=CN(C)O,35.7537,37.193054,0.04025748941280897
O=CC12CC1CC2CO,35.7537,32.371746,0.09459032035195182
C#CCN(N)C(C)CO,35.7537,39.13027,0.09443968307962046
C=C1CCC1CCC,36.8531,33.74666,0.08429254729736943
CCC(CC)CC,36.8531,32.166588,0.12716737996017036
CC1C=NCC(O)C1C,39.8874,36.38845,0.08772066811678389
CC1C(O)CC1C#N,30.8305,31.60967,0.02527272146212631
C#CC1=C(CCC=N)C1,30.8305,33.61213,0.09022329224066364
C#CCCCCCC=O,30.8305,37.84671,0.22757367558353334
N=CC1CNCC(N)C1,30.8305,35.612343,0.15510104716020354
C#CC(=C)C(C)=N,37.5525,26.362694,0.2979776636276921
CC1CC1CC1CC1,37.5525,33.514023,0.10754216557756645
CCCCC(C)(N)C=N,40.5482,41.624115,0.026534223226539616
C#CC#CC(O)C(C)=O,40.5482,34.405247,0.15149755760751057
C#CCC#CCCCO,31.2855,37.43093,0.19643064970381152
CCC12CCCC1C2O,31.2855,36.04658,0.15218172214957562
C#CC1=C(N)C(O)C=C1,31.2855,33.608147,0.07424035631460164
O=CC1C=C2CCC2O1,23.1088,29.012703,0.25548288712068706
N=C1NC2CC(=O)C12,23.1088,25.546936,0.10550682143409659
CNC1=CN(N)C=NO1,32.5771,31.957115,0.019031308086359982
N#CCc1nnco1,23.2294,23.178858,0.0021757857135901795
N=CNc1ncco1,23.2294,24.580774,0.058175170570526076
C#CC1=CC(CCO)O1,23.2294,32.586113,0.4027961538427261
O=CC1NCCC2CC21,23.2294,31.321579,0.3483593626822987
CCCCC1CCCC1,37.733,39.241817,0.039986682065174715
C#CC1CCN2CC2C1,26.4733,32.573708,0.23043623502043223
CC12CCNNNC1C2,26.4733,31.3559,0.184434876301444
COC(C=O)C(C)C#N,41.8313,34.891434,0.16590128167615364
CC#CC(=O)C=O,41.8313,25.04583,0.4012658040044364
CCN(C=O)COC,41.8313,33.94812,0.18845170680357767
CC12CC=CC1C2,25.9599,25.473598,0.018732796342643528
C#CC1=CCCC1,27.5191,25.090345,0.08825705118661482
CC1C2CNC12O,27.5191,26.299088,0.04433329853032763
C#CCNCCCC=O,30.4446,36.655422,0.20400406675382032
O=Cc1c2cnnc1-2,30.4446,21.92714,0.2797691780405536
CC#CC(C)(N)O,30.4446,31.900751,0.04782953672873351
CC1CNC(=O)CN1C,30.4983,34.554962,0.13301273048671974
N=CCc1ncco1,30.4983,24.529593,0.19570623562499925
N=C1NC1CC=C1CO1,30.4983,30.778126,0.009175126578840549
N#CC1NCCC=C1O,26.9622,30.939348,0.14750829757309109
CCC1=Cn2ncnc21,26.9622,27.293228,0.012277490316593722
C1CC1CC12CC3C1C32,27.0996,30.309967,0.11846547701868759
C1=NC(N2CC3OC32)C1,27.0996,26.410198,0.02543955587278325
COCCC1CCN1,27.0996,32.176594,0.187345709180858
O=CC1CC2C3C1CN23,24.4075,28.11009,0.1516988735322055
C#CCC(=O)C#N,33.8945,23.188612,0.3158591516543118
N#CCc1cnoc1,33.8945,23.161787,0.3166505765513268
CC12NC1C1OC12,28.7474,22.9872,0.20037291082584177
C#CC1NN(C)C1=O,28.3083,27.967703,0.012031705697601524
C#CC(CC)NCC,41.9223,37.974533,0.09416866247666068
CC1(NO)C(=O)C1O,40.6824,30.702888,0.2453029199661394
C#CC(C#C)=COC,40.6824,31.497864,0.2257619076177598
CCCC(=N)CC=CO,40.6824,38.340855,0.05755671630052825
NCC=C(C=O)CO,25.9181,31.933231,0.23208226504874072
CCNC1=CCCCC1,25.9181,36.006218,0.3892306132217628
OC1=CC=NC=NOC1,21.7046,27.698997,0.27618097074162135
O=CC1NCC2OC12,21.7433,25.528147,0.17406956367131082
CCCC(O)C(=O)CC,40.9564,40.323692,0.015448322563083141
N#CC1CCCC1O,25.1081,26.866976,0.07005212597933565
Cc1ccc(OO)nn1,25.1081,29.360271,0.16935456899794973
N#CC1CC(C=O)C1,31.671,27.17414,0.1419866461376091
CC1CCC(=N)CN1C,31.671,36.06414,0.1387117653318247
COc1ncncc1C,31.671,30.55138,0.035351578495446824
C#CC1CCCC1O,24.4093,31.07492,0.27307709169443095
C1C2=NCC23C2NC1C23,24.4093,27.08537,0.10963317711312573
CC1=CC=C(O)N=CO1,24.4093,28.783451,0.179200185188525
C#CC1NN1CNN,24.4093,27.917965,0.14374295597590805
CCCC1NCCO1,24.4093,31.825693,0.303834732273894
C#CCC(C#N)C(C)O,36.9954,37.03411,0.0010463739532272187
COCC(C)NCO,36.9954,34.86003,0.05771984819924394
CC1CCC(CO)CN1,36.9954,37.186516,0.0051659343622578015
CCCCC1(C)C=C1,37.5274,33.803673,0.0992268904712998
CCNN(C)C1CCO1,37.5274,36.902027,0.016664433717045332
CCNC(O)(C=O)CC,37.5274,40.158714,0.07011714892141725
CC1=CCCC2CC12,31.3135,30.536955,0.024799052173639452
C#CC1CCN(CO)N1,37.9686,35.213898,0.07255211661535788
C#CCN(C)CC(=O)O,37.9686,35.650444,0.06105455479628649
CCc1cc(O)cn1O,37.9686,34.310287,0.09635099857287507
N#CC1CCC2OCC12,21.068,29.505722,0.4004994325943818
CC1NC1=C1CC1,21.068,26.678984,0.2663273062632661
COCCCCC#N,21.068,31.293318,0.4853482910005602
CCCCC=CCC#N,37.1088,37.701595,0.015974521040736486
CC(=N)OCC(C)C,37.618,35.880447,0.046189393702607516
CC1CNC1C1CC1O,37.618,35.19954,0.06428998924529984
C#CCNC(C)(O)CO,37.618,39.130207,0.040199028703481736
N#CC1CC2CC(=O)C12,34.8679,28.557995,0.1809660219706579
COC1C=NC=CN=C1,34.8679,29.610111,0.15079166693227103
O=CC1CC2C=NCC12,28.583,29.614876,0.03610103185309565
CCCCC1CCC1,28.583,34.996407,0.22437835619689267
C#CC1CC2CNC12,28.583,27.766989,0.028548831323777682
C#CC#CCC1CO1,25.0537,28.524416,0.13853107404689263
N#CC1NCCC1N,25.0537,29.013287,0.15804398514295984
CC1CCCN1,25.2336,26.504807,0.050377533073152
COCCNC1CCO1,25.2336,35.20575,0.39519329432656264
C1CC2CC(C1)C2,25.2336,24.452646,0.030948962673056364
CCC1CNCC(N)C1,29.7308,37.727127,0.2689576827799896
C#CC1C(=NO)N1CC,36.0723,34.469185,0.044441721889419784
OC1CC2=NCCCC21,30.9144,31.759323,0.02733105349342659
CC12CC1C2NCC=O,30.9144,35.023746,0.13292661317957052
N#CC1=C2CC=CC1C2,34.0163,29.168148,0.1425243768201867
C#CC#CCC(C)CO,34.0163,38.251892,0.12451654324085068
O=C1CC=C2CCC2C1,34.0163,30.479168,0.10398344504745016
COCCN=CC1CO1,25.3923,34.136898,0.34437991205095586
C#CC1COC(N)NN1,25.3923,32.20266,0.268205700426255
C#CC1N=CN=C1F,25.054,23.87572,0.04702965313185233
C#CC(C#CC=N)CC,25.054,36.780212,0.46803753501811096
CCCC1=C(O)C=N1,31.3702,30.468897,0.028731188648949448
CC1CCC(NN)CN1,31.3702,35.250923,0.123707313206109
CCCCCC1CC1C,31.3702,41.06539,0.30905737102496456
CC1C2CC2C2CNC12,28.109,31.961184,0.13704448923738413
CC1=NN=CN(C)N=N1,28.109,29.452515,0.04779660067727412
C1=CN2C=CC2N=N1,28.109,21.660143,0.22942321325697929
C1CC2C3CC1C2C3,21.8134,25.30345,0.15999567379396623
C#CCC(C=O)CC,21.8134,33.52944,0.5371029657685684
C#CCC(C)(C)C=O,39.9244,34.417164,0.13794161342745404
C#CC1NC(CO)C1=O,39.9244,32.58374,0.18386399709513476
CCCC(O)CC(C)=O,40.8518,40.161636,0.0168943265036286
CC1C(C)N1C#CNO,40.8518,35.442596,0.13241040944225524
N#CC1=NC=C1NO,23.6323,23.757792,0.005310169520742303
C1=C2CCC23CN1C3,23.6323,24.368437,0.03114960513172613
CCC1=CN=CON=C1,36.0724,29.577412,0.1800542339403165
CC1=NC=CC=CCC1,21.3224,31.649984,0.4843537481588008
CCOCCN=CN=N,21.3224,34.575333,0.6215497618280102
C=C1OC1(N)NCCC,39.9557,37.94258,0.05038377060700195
C#CCN=C(C=O)CC,37.2922,35.664997,0.0436338671134962
CCCCC1CC(C)C1,37.2922,40.464375,0.08506268180038526
C#CC1N(O)C1(O)C=O,37.2922,32.157196,0.1376964607901418
Cc1ccn(C)c1C=O,37.2922,32.792374,0.12066400863380113
CCC(C)C1=CCCC1,40.4999,37.42444,0.07593750906638033
CC1CCC2NOOC12,24.9231,29.469946,0.18243500638334603
OCCC1C=CC=N1,25.7896,28.612331,0.10945231373812929
C#CC1=C2CC(O)C2O1,39.7977,30.35687,0.23722047627764625
CC#CC(C#N)C=O,39.7977,28.378975,0.2869192210969282
C#CC(N)(C#N)C1CO1,39.7977,33.012566,0.1704906159704463
N#CC1CCNC1O,21.7852,27.000303,0.23938744048402666
C1CCNCNCC1,21.7852,31.102028,0.4276677695438374
C#CC1=C2OC1C2CO,32.8702,31.42849,0.04386071015513758
CC1CC(C)(CO)C1C,32.8702,41.265713,0.2554141057260714
CC1CCC(=N)CO1,32.8702,30.064888,0.08534514543603981
COC(C#CN)C=C=N,34.891,35.002502,0.003195736476634426
C#CC=C(C)C=O,37.4069,27.274178,0.270878432822032
CCCC1=CCCOC1,37.4069,35.543793,0.049806513648300854
COc1c(C)ccn1C,33.8284,34.77595,0.028010529185478614
CCC1=CNC12C=C2O,33.8284,32.95446,0.025834501660055846
C#CCCC=CCC=O,33.8284,36.31211,0.07342088011490062
CCC1CCOC1OC,38.9392,36.374283,0.06586979606889554
N=C1CC2C1N2C=O,26.9927,26.002659,0.03667810763672617
CNCCNC1CNN1,26.9927,36.932503,0.3682404037603512
CCc1cn2occn12,27.5275,31.600578,0.14796397450206045
CCC=NCCC1CC1,25.5539,38.35814,0.5010679011065214
C#CCNNCCC=O,27.3674,34.36021,0.25551606724428233
CCOC1C=CC1O,27.3674,30.838875,0.12684708145072354
C#CC#CC(C)C(N)=O,39.7368,35.86326,0.09747995908537165
C#CC1C(=C)NC1=N,34.6288,28.693422,0.17140003934572134
CCC(C)NC1(C)CN1,34.6288,41.004288,0.1841094037254125
c1cnc2nc[nH]c2c1,26.9354,23.845724,0.11470688737368075
C#CC1(CN)C(C)C1C,26.9354,39.803787,0.4777499955985547
CCCC12C=CC1CC2,28.7284,34.584023,0.2038269629346798
CC1CCC1C#CC#N,28.7284,32.880493,0.1445292172227656
CCC1=C2ON=NN=C12,28.7284,28.031052,0.024273832314288757
CNOC(NC=N)OC,30.0257,37.015465,0.23279273364866906
CCCC1CCN1,30.0257,29.28615,0.0246305671928483
CC1NCC(CO)C1C,30.0257,38.30547,0.27575608605093144
CCCC(=NN)C1CN1,30.0257,35.144436,0.17047848618244898
C1=C2N3CC4CC12N43,22.494,22.36084,0.00591980778207521
O=CC1CCCC(=O)C1,22.494,31.765728,0.4121867163166254
C=CC=[N+]([O-])CC#CC,36.632,33.529945,0.08468155237128308
CC=C(O)CCC,37.4232,32.441193,0.1331261723488872
CC1CCC(CNN)C1,32.9972,35.931713,0.08893218528384371
CC1N=CCC2CCC21,32.9972,32.162926,0.0252831840212247
C=CC(CC)CC=O,38.8618,33.721977,0.13225899896848017
CCC(N)CC1CC1=O,38.8618,37.11435,0.04496576676236374
C#CCCCNOC=C,37.4819,36.830387,0.01738206666474985
CC1CNCC(C)NC1,37.4819,38.514404,0.027546743811679687
NC1(O)CCCNC1,37.4819,32.9718,0.12032736446624911
C1CC1CC1COO1,22.7602,26.407726,0.16025897346428394
N=CCN1C=CC1O,30.0757,28.14272,0.06427051510691931
CCCC1CCCC1O,30.0757,38.162296,0.2688747492216645
CC1CC1=C1CO1,30.0757,26.219404,0.12821965172610933
O=C1C=NC(CO)=N1,25.2222,24.626148,0.023632029566138073
CCCc1c2ccnc1-2,25.2222,30.980368,0.22829759737542563
CC1OCCOC1(C)C,37.3476,37.33557,0.0003220745359139519
COCNc1nnco1,32.7643,29.594517,0.09674503181357783
CCC12CC1CC2C,32.7643,33.585796,0.02507291033842241
C#CCC=NCN=C,23.1064,30.308254,0.31168222838448906
CCCCNCC=O,21.6375,32.481148,0.5011506766545711
C#CCNC1COC1,21.6375,30.186249,0.3950894872003178
C#CCCCC#N,37.1812,26.884592,0.27693049024037913
CCC1CC2NCOC12,37.1812,32.08877,0.13696244822468445
C#CC1CCCC1C,35.0693,32.21518,0.08138515900347665
CCC(=O)C1CCCO1,41.3225,34.42182,0.16699566593893683
CC1=CC2(C)CC12O,41.3225,31.673168,0.23351277917906593
C#CCN1CCCO1,41.3225,29.168161,0.29413367070695345
CC1COC1=NCC=O,36.2009,32.464046,0.10322543145967401
CC12C=C1NC(=N)O2,29.1089,26.789232,0.07968929591883164
CC12CC=NC=CC1C2,29.1089,32.383198,0.11248442175499004
CC1CC2CC1CCO2,39.7886,32.45319,0.18435959420905704
CC1CNCC(=O)C1=O,39.7886,31.77719,0.20134940021109715
C=C(C)C(C)CC=N,42.0365,34.903557,0.16968451646234886
C#CC1CCC2(O)CN12,34.0454,32.73609,0.03845771781886744
C=CC(CC)CC(C)=O,34.0454,39.774,0.16826350286670289
CCC12CC1CCC2=O,34.0454,34.394077,0.010241539268899464
CC1=C2C=NN(C2)N=C1,30.7511,27.457563,0.10710304996346297
C1CC1CNCC1CC1,30.7511,34.865498,0.13379676138776586
C#CC(C=O)C=O,35.2779,25.167278,0.2865993075042755
CC1C2CCCC3C1C23,21.5863,32.464188,0.5039255278612041
CN1CNC(=N)C1=O,21.5863,26.635326,0.23389957452171262
C1CC2COC23CCC13,21.4072,29.129982,0.3607562873532693
O=CCc1ncco1,21.4072,24.09234,0.12543165240481483
N#CC1NCC2CN=C21,21.4072,27.759935,0.29675694995274116
CCC1NC(=O)C1=O,28.3156,27.9526,0.012819771464281997
CCCC1CCC(O)=N1,28.3156,36.11055,0.27528817778036885
CCCCNNCCC,29.3816,35.96862,0.22418861805663987
CCC1C=C2CCC1C2,29.3816,33.9765,0.15638704035327386
CC(C=O)C1CC1C=N,34.3292,34.8331,0.014678447654893644
C#CC1CC(C)CC1N,34.3292,37.766792,0.10013610271615071
C#CCNC(=N)C#CC,33.3898,35.861813,0.074034962520073
Cc1nn2cc-2n2cc1-2,23.8638,26.799355,0.1230128710944047
C1CC2CCC(C1)NC2,28.5862,32.35916,0.13198541173549205
C#CC1=COC(C)(C)O1,41.1486,33.491737,0.18607832670558283
CC1C(CO)C1CCO,41.1486,38.680367,0.05998341338190657
CC#CC1CCCC1,41.1486,31.745533,0.22851487074889665
C#CC1CC2CCOC12,26.605,30.88992,0.1610569171586491
C1CC(CCC2CC2)N1,24.6603,35.859856,0.45415326057896577
OCC1NCCC2CC21,24.6603,33.511623,0.35893007719161407
OC1=CC=C2N=CN=C12,24.6603,26.192528,0.06213337919636397
CC(O)(C#N)CO,39.911,28.978865,0.27391283932249744
N#CC1CCCCCO1,27.7303,32.017227,0.15459360962021915
CCOCC1CC1,22.1839,29.628498,0.33558563090315846
N#CC1C2CC=CN1C2,22.1839,28.212282,0.27174582380853374
NOC(=O)C1CC1,22.1839,24.745941,0.1154910165529674
OC12CC3C=CC1C32,22.1839,25.798256,0.16292698400236905
c1ncn2nccc2n1,23.8325,22.688416,0.048005222811549335
CC(C=O)CNNC=O,33.191,34.802673,0.04855754089493379
CC1C2NC(C3CC3)C12,38.7718,33.814476,0.12785901059059432
C#CC#CC(C)CC=C,38.7718,36.881054,0.048766012293456895
COC1=NC2C(CO)C12,38.7718,32.682373,0.1570581441440686
CC1C(O)C1NCC=O,32.3331,35.879524,0.10968401517197637
CC#CC(CO)CCC,39.1324,40.513275,0.03528725931668843
C#CC1=CCC(C)(O)C1,39.1324,35.59173,0.09047929055081667
CC=CC#CCC,28.7772,24.616972,0.14456681089180004
OCC1CC2C=NC21,28.7772,28.215332,0.019524761573398403
CC1=Cc2ncnnc21,28.7772,24.093544,0.16275579255981626
OCC1CC2(O)OCC12,22.687,32.75836,0.4439265577822651
CC(=O)C#CN(C)C,40.1534,34.26463,0.14665683693003148
OCc1cnn(O)c1O,33.1443,31.090294,0.061971624554528454
N=C1OCN2C(CO)C12,33.1443,30.2351,0.0877737712825292
CC1C(=O)CC2CCC21,33.1443,33.049442,0.0028619614455648655
C#CC#CCC(=O)CC,30.7472,35.870552,0.16662824787259595
O=CNNC1=COCN1,30.7472,28.744425,0.06513683132297284
C1CNC2CC3C(C1)C23,23.2193,30.014881,0.2926695091597594
C#CCC(CC)OC=N,33.2785,37.683952,0.1323813372460588
CC1=C(N)C(=O)C=C1,33.2785,28.93473,0.13052780234129677
O=CCc1nnco1,28.0714,24.152355,0.13960988072943292
COCC1OC1=O,28.0714,23.932142,0.1474546243617907
N#CC1C2=C=CC1C2O,28.0714,28.115955,0.001587215200638463
O=c1cnccnn1,21.372,22.58025,0.0565342404256482
CCC1=CCC12CCC2,37.7035,34.958447,0.07280633090600214
CC(CC=O)NCC=O,37.7035,36.705025,0.026482296889193763
C#CCC(CC=O)NO,37.7035,35.489998,0.05870813415811442
C#CCOC(=O)C1CO1,37.7035,31.642696,0.16074909807802362
CCCC1NC1NC,25.5433,35.039238,0.37175846410112323
C#CCCCNCC,25.5433,35.830276,0.40272699648274946
CC1NCC1CC1CN1,28.2991,33.600033,0.18731807041200904
CCCC#CNCC,33.1782,35.281853,0.06340466698518823
CCCCNC1(N)C=C1,33.1782,38.702927,0.1665167681110546
O=CC1CC2CNCC12,23.8079,30.341553,0.27443213111509207
CC12CCC3CCC31C2,23.8079,32.9121,0.38240255316955585
CCC1=C2OCN=C2O1,32.1525,27.796604,0.13547611674071572
C#CCN=CC1CC1O,32.1525,34.91069,0.08578462973694685
CC1C(O)N1CC#N,32.1525,29.500439,0.08248382893443608
CC1C2CC2C2NC12C,40.109,33.982937,0.15273537462587305
C#CC(=C)C(=C)C,40.109,28.353977,0.2930769352671685
CC#CN1CCCCO1,40.109,33.81773,0.15685432322044504
CC1CN(CCC=O)C1,37.8516,36.513165,0.03536007671370103
C#CCNC(O)CCO,37.8516,37.984146,0.003501730921917827
CCCC(N)CCO,37.8516,38.656715,0.021270313357068357
CC1CC(O)C(C)C1C,35.0264,39.58084,0.13002880868296834
C#CC1CC(CC)C1=O,35.0264,34.822456,0.00582256926594572
CC1CC2(C)CC12,35.0264,28.103016,0.19766188076256191
N#CC1CC2CNC1C2,27.0753,28.4044,0.04908901736365519
CC1=CC=NN=CC1C,27.0753,31.640972,0.16862868139784873
CNC1c2nnnnc21,27.0753,27.220713,0.005370675920235989
CC12C(N)C1CN2C=O,27.0753,33.269547,0.2287784995471542
N=CC1=NC(=N)C1CO,27.0753,30.980377,0.1442302466552772
CCc1oncc1OC,32.5146,32.2778,0.007282835597796882
C#CC#CCCC(C)=O,32.5146,35.886013,0.10368920518800347
CC1C=CCNC1C,32.5146,31.98745,0.016212727636320538
N#CC(N)(CO)C1CO1,39.6219,33.915665,0.14401720581669317
O=C1NC2NCOC12,24.7103,22.920933,0.07241382056165281
C#CC(=C)CCOC,39.2495,32.951706,0.16045539605301495
CCC1CCC(C#N)C1,39.2495,35.379257,0.09860616817670442
C=C(C)OCC(C)C,39.2495,36.48239,0.0705004813457018
CC1C(C)C(CO)C1N,38.094,40.149048,0.05394675937319522
CC1C(O)CC2CCC21,30.8043,35.445812,0.15067741274243515
CCCCC=CCN,37.1841,36.655006,0.014229027764786416
C#CC1CC(CC)N1,37.1841,32.465584,0.12689607113606272
Cc1cn(OO)cn1,28.1758,26.02562,0.07631302369991487
CCCc1nonc1F,28.1758,30.43861,0.08031041095210423
C#CC1CCOCC1O,30.3325,33.632725,0.10880160758140249
N=CCC1CC(=CN)C1,30.3325,34.545074,0.1388798965759705
COC=NCCC1CO1,30.3325,34.998493,0.15382817751850586
COC1CCCCC1C,32.2832,37.528267,0.16247047711312015
CC1C2N1CC2(C)O,32.2832,37.467785,0.16059699415150283
O=CC1C=CN=COO1,23.1229,25.439096,0.10016894294425278
C1=CC2=CC(=N2)C=C1,23.1229,24.264595,0.04937507975808743
CCN1N=CN(C)N=N1,36.2795,30.687021,0.15414982964227278
COCCC1CCCC1,36.2795,37.237663,0.026410597418458633
C#CC1C=CCC1,36.2795,24.988016,0.31123592859493543
C1=NC2CC2C2CON12,29.0134,26.576878,0.08397920981359855
C#CCNC(=O)C1CO1,36.2481,32.262333,0.10995795872722254
CCCN1NCC12CC2,36.2481,36.34436,0.0026555971640582297
C1=CN2C=CN=C(C1)C2,26.0875,24.23999,0.07081973227120263
C#CCC(N)C#N,34.0783,26.932674,0.20968257196048554
CCCC12CC1O2,33.1993,27.290014,0.1779942870190705
C#CC#CC1CCCO1,33.1993,31.429121,0.05331976826450998
CCC1C2CC1(CO)C2,33.1993,36.077915,0.08670710501879225
C#CCCC(=N)OO,33.1993,30.31175,0.08697621901704844
CCCCC1CN1,27.8642,30.540003,0.09603013267475743
CC1=CC(=N)C(C#N)C1,27.8642,31.264828,0.12204289835241938
CCCC1NCC2CC21,27.8642,35.583546,0.2770345348086237
CC(C=N)N(C)C=O,36.8757,31.864962,0.135881851079559
CC1NC1CC1CO1,36.8757,30.548698,0.1715764466764572
C#CCNC(=C)C(C)C,36.8757,39.402634,0.0685257138709824
CCCCC1C(C)C1C,34.8221,41.72884,0.19834357704640385
CCC1C=CCC1C=O,34.8221,34.23697,0.01680343821479388
CC1CCCC(C#N)C1,30.2601,34.496185,0.13998913760147433
CCC=CCCCC,37.2123,41.39048,0.11227954309472694
CC#CC(C)CO,37.2123,31.314266,0.15849688933943923
CC(C=O)CN(C)CO,37.2123,39.103893,0.050832474209583874
O=CCc1ncon1,28.5314,23.381603,0.1804957611275018
N#CC1=C(C=N)COO1,28.5314,27.34053,0.04173891237346183
C#CCNNCC1CO1,26.22,33.04116,0.2601510520021394
N=CC1CC2CCC12,28.8357,27.62245,0.04207458550068386
CCc1ncno1,28.8357,21.661354,0.24880082450083033
COCC1CC2NC2N1,28.8357,32.533016,0.12822009539681664
N#CC1CN2C(=O)C12,28.8357,23.58598,0.18205628919464684
C#CC(N)C(C)CCC,34.5055,41.891045,0.214039634745163
CCC1(NC=NO)CC1,34.5055,37.103012,0.07527820448800741
COCC1=C(C)CCN1,28.9943,35.34559,0.21905300987028598
N=C1NCC1C(N)CO,28.9943,35.853798,0.2365809111652172
O=c1ncccnn1,21.1966,22.707216,0.07126691369452566
CCC1CCCC2CC12,29.0104,36.250435,0.249566875171948
CCC12CCC1OC2O,29.0104,35.010693,0.2068324668544917
CCn1nnnc1OC,29.0104,31.939167,0.10095576147537012
CCCCC(N)C=N,28.4058,35.186073,0.23869327050189246
C#CC1CC(=N)C1C,31.9414,31.092781,0.026567994299106185
OCCC1NCC2CC21,26.8832,34.407883,0.27990279023440995
CCNC1=CCC1C,26.8832,32.568462,0.2114801203661087
Cc1nnc(=O)on1,26.8832,23.53991,0.12436356673338851
CCC1=NC(N)=NC1=O,37.031,31.60472,0.14653346758155855
CCCCC=NCCN,37.031,41.678238,0.12549587953441885
CC1C(C)C1C#CNN,34.7887,36.212265,0.04092032799870185
CCC1=C2OC=NN2C1,34.7887,28.187225,0.1897591648495955
CC1CC1(C)CO,33.5336,31.724522,0.05394822992571956
C#CCCNOCCO,33.5336,38.509422,0.14838318290449262
CCC1(C)CCOC1C,38.0895,38.87767,0.020692586883155107
CCCC=CCCCC,38.0895,41.80385,0.09751633039555682
O=Cc1cncn1O,26.4906,23.336573,0.11906213347018467
[O-][N+]1=C(F)C(O)N=C1,26.4906,23.268253,0.12164113585890787
COCCCC1=NC=N1,27.4788,31.026196,0.1290957220156283
O=CC1COCCCN1,27.4788,32.28086,0.1747551167037464
C#CC1OCN(C)C1=C,37.8519,33.414356,0.11723437313082163
N#CC1NC2CNCC12,23.7274,28.944057,0.2198579475458588
N=CC1CC2C(N)CN12,23.7274,31.775755,0.339200878671446
N=C(N)NCCCC=O,23.7274,36.11946,0.5222679711881755
NC1=NC=C1CC=O,23.1038,27.059002,0.1711927008806959
CCCCC1CC1,27.8516,31.12261,0.11744424349635513
C#CC#CCNCOC,27.8516,36.06297,0.2948257625329845
CC1=NC=NC=CCC1,21.9319,30.013319,0.3684778343646894
CCC1CONN1,23.6176,24.948511,0.05635251353470408
CCCCC=C=O,35.3939,28.95013,0.1820587597680255
N=C=NNC(C=N)CO,29.6861,33.796635,0.13846664513264678
CCC1CC1CC1NN1,29.6861,35.12602,0.18324800240415287
CCCCC(=N)OC=N,40.7014,36.683,0.0987288236466912
CC1CCCCNC1C,40.7014,38.027565,0.06569393184407891
C=CC1CNC(C)(O)C1,35.2538,36.42071,0.03310030457238613
Cc1cnc(O)cc1O,30.0824,30.749283,0.02216853831190539
CCCNc1nnco1,30.0824,31.40774,0.0440569781427754
N#CC12C(O)CC1C2N,30.0824,32.3284,0.07466158478722194
C=C(N)CONC(C)C,40.7342,39.725773,0.024756277092320107
CC1CC(C#N)C1O,33.7018,29.669027,0.1196604534923591
CCCC(=NO)C1CC1,33.7018,36.366035,0.07905320966315695
CCC(N)NC(=O)C=N,36.2511,36.75186,0.013813693164224644
CC1C=NC2=CC=C2C1,25.581,28.776604,0.12492098427467532
C=C=NCC(C)C=O,32.8893,31.610273,0.038888837366375814
CCC1(C)C2CCN1C2,37.8609,35.360455,0.0660429477554371
C#CCCCC#CCC,37.8609,38.41135,0.014538752386872465
O=C1C=NOC=CN1O,36.382,26.511726,0.27129552032888427
CC(=N)CCC(C)=O,37.8407,33.84973,0.10546761964465505
C#CC1CC2CN=C12,26.5485,25.43129,0.04208186252136423
CC(C)C=C1C(O)C1O,35.5212,37.49192,0.05548012091909637
CC1CNC1C12CC1C2,35.5212,33.107216,0.06795896869059447
CC12CN1CC(C=N)=N2,35.5212,31.241531,0.12048209598576871
CC#CC#CCCOO,35.5212,34.987434,0.015026677386827277
C#CCC(C=O)CN,33.453,32.325775,0.033695777763298594
N#CC1CC(C#N)C1,21.2488,26.110977,0.22882125921706464
CC1=CN=C2C=CN=C12,26.9253,27.705101,0.028961646228030654
CC1CN=CC2=CCC21,26.9253,31.336182,0.16381921986477402
C#CC#CCNN,26.9253,26.020716,0.03359607085154199
O=CC12NC1CC2=O,21.2766,26.114212,0.22736772022469823
CCC12CCC13CC2C3,36.6951,34.22441,0.06733021545813499
C#CCC(C#N)OC,36.6951,30.451023,0.17016105415146318
CNOC#CCCOC,36.6951,37.171158,0.012973335320357923
CC12CC=C1C(O)C2,36.6951,30.12514,0.17904190923447005
N=CCc1ncon1,27.3345,23.228909,0.15019815475613746
CC1CC1(C)CN=N,38.0761,33.152763,0.12930254499018487
C#CC1CC(C)(O)C1,39.2533,33.200813,0.1541905191803739
CNCc1cnn(O)c1,33.4139,31.664762,0.05234760094008051
C#CC1CC=C=NN1,33.4139,26.324842,0.21215893825614696
N=C=NC1CCCC1=O,25.9489,30.719421,0.18384291383136672
C#CCCNCNNC,25.9489,37.16723,0.4323238633903738
CC(CCN)CCCO,41.5717,41.94352,0.008944055506153377
CCC1CCCC1(C)O,41.5717,39.561607,0.04835242819418393
CCCN(CO)CC#N,32.0192,38.012486,0.18717786528552846
CC1CCCC2C(C)C12,30.4988,36.574,0.1991947654417833
CC1NC(=CN)CO1,30.4988,30.524035,0.0008273932129156252
[O-][N+]1=CC=CCN=C1F,29.8684,26.226196,0.12194170799030082
N#CCNCN=CC=O,35.4439,31.452122,0.11262243334906313
CC1N=CN(C)C=C1O,35.4439,33.46836,0.055737068977203215
C#CCC1CC(C)C1O,35.4439,37.588913,0.060518536726127434
CCC1C(C)C1CCO,36.3787,40.94867,0.12562212046042734
C#CC1=CCCCC1C,36.3787,34.713345,0.04577831055055273
CC1CC1CC1CC1C,34.4653,37.122746,0.07710495814387272
CC1C=C2C(C=O)CC21,34.4653,31.327393,0.0910454115262307
CC(=NN)C(C)(C)CO,34.4653,41.430374,0.20208946811743445
CCc1cn(C)cc1O,34.4653,35.790222,0.03844220616007262
CCCCCC(C)CO,34.4653,42.006866,0.21881621384633607
C#CC(=C)CNO,34.4653,27.51054,0.20179020613356266
CCCC(O)C(C)OC,39.0476,41.876045,0.07243582773463102
C#CC#CC(O)C(C)O,39.0476,37.487236,0.039960560368647084
C=CC=CCNCCC,37.5923,39.389427,0.047805725775187796
C=C1CC1NNCC,28.8557,31.77507,0.10117135229537626
CCCC1NCCC1C,28.8557,39.1408,0.3564321945429922
C#CCNNNCN=O,28.8557,30.174694,0.0457100004948519
CCC1=CCCC2CC12,42.1124,34.472332,0.18142086414613223
C1CCC(C2CO2)C1,22.3449,28.97688,0.29680057283196826
C=CC1C(C#N)=C1CO,33.8052,31.685688,0.06269780924831597
N=CCC1=NN=C1OO,26.6195,27.761597,0.042904512845376566
OC1C2=CN=CN1C=N2,23.3086,23.783318,0.02036662716413557
C1=CN=CN=NCC1,24.5777,23.834148,0.030253099070196895
C1=Cc2ncnn2C1,27.5196,21.08927,0.23366365651893475
CC1CNCCC2CC12,27.5196,34.443497,0.2515987406830609
CC(=N)NCC(C)=CO,41.3157,38.776924,0.06144821137483374
CCC12CCC1C1CC12,36.5487,34.486107,0.05643410374216875
C#CC#CNNCN,21.487,29.281902,0.3627729470485607
C#CCNC1CC1C,26.7259,33.31259,0.24645349839423092
N=CC12CNC1C(=O)N2,28.64,29.60212,0.03359355606846301
N#CC1CCN(C=O)C1,28.64,30.189472,0.05410168290804216
OCC1NCC2OC12,28.64,27.216154,0.04971528985646852
COCCC1=CN=C1O,28.64,32.567787,0.13714340678806408
O=CC1CC2COC2O1,22.7796,27.93311,0.22623352839590105
N#CC1CC(C=N)C1,22.7796,27.874079,0.22364215133761584
O=CC12C=C=NC1CC2,22.7796,28.4739,0.24997365367735147
CC(=O)C(N)C(C)O,38.7081,35.60289,0.0802211936352227
C#CC(C)=CN(C)C,38.7081,34.8849,0.0987700471114755
CCCC(O)C(=N)C=N,38.7081,38.15627,0.014256213208958165
C#CC1=C(CCC)C1,38.7081,32.303192,0.1654668625256245
CCCC(C=O)CC=O,38.7081,37.453228,0.0324188478167058
N=CC1C2NC(CO)C12,30.3855,32.206627,0.059934076848820766
CCC1CCOC1CC,30.3855,38.07149,0.25294930942242444
CCC1C=CC1OC#N,36.9707,33.45691,0.09504258291870321
C#CCN1CCC1CO,26.917,35.694885,0.3261093455402254
CC1=NN=C1NC=O,26.917,27.14566,0.008495018032864858
O=CC1CC2OC2N1,22.9941,25.164074,0.09437090140913527
Cc1nccnn1,22.9941,21.227522,0.07682745154790555
O=C1OC2NCCCC12,32.8001,28.605907,0.12787133453295732
C#CC#CC(C=N)C=O,32.8001,33.03476,0.007154231892109308
CCC1(C=N)CCN1,32.8001,32.10424,0.021215166493990315
CCNCCCOCC,32.0029,41.29413,0.290324577396697
N=CC12CC13OCN3O2,32.2321,27.46088,0.14802695823291026
CCCC1=C2CC(=O)C12,32.2321,33.966087,0.05379690871238892
CCCC=CCCOO,32.1107,40.557983,0.2630675568716191
CCOCC1=CC(=O)N1,32.1107,31.629993,0.01497029218544903
C#CC(=C)CCCO,41.0119,33.99206,0.1711658905100657
CC1C=CCC2COC12,23.64,31.719633,0.3417780500176392
O=CC1CCCCCO1,23.64,32.771812,0.3862864821897142
O=CC1CC2=C1C2,23.64,22.11882,0.0643477076806393
COC1CC(=N)N1,23.64,26.274761,0.11145351945647933
